symbol	check
A/DEC/57/525	null-heavy-doc
A/DEC/57/538	annex-invisible
A/DEC/57/538	bare-section-heading
A/DEC/57/538	null-heavy-doc
A/DEC/58/422	null-heavy-doc
A/DEC/58/542	annex-invisible
A/DEC/58/542	bare-section-heading
A/DEC/58/542	null-heavy-doc
A/DEC/58/568	null-heavy-doc
A/DEC/59/423	null-heavy-doc
A/DEC/60/403	null-heavy-doc
A/DEC/60/407	null-heavy-doc
A/DEC/60/408	null-heavy-doc
A/DEC/60/410	null-heavy-doc
A/DEC/60/412	null-heavy-doc
A/DEC/60/413	null-heavy-doc
A/DEC/60/414	null-heavy-doc
A/DEC/60/422	null-heavy-doc
A/DEC/60/501	null-heavy-doc
A/DEC/60/505	null-heavy-doc
A/DEC/60/506	null-heavy-doc
A/DEC/60/517	null-heavy-doc
A/DEC/60/518	null-heavy-doc
A/DEC/60/529	null-heavy-doc
A/DEC/60/530	null-heavy-doc
A/DEC/60/539	null-heavy-doc
A/DEC/60/542	null-heavy-doc
A/DEC/61/403	null-heavy-doc
A/DEC/61/407	null-heavy-doc
A/DEC/61/408	null-heavy-doc
A/DEC/61/414	null-heavy-doc
A/DEC/61/501	null-heavy-doc
A/DEC/61/505	null-heavy-doc
A/DEC/61/521	null-heavy-doc
A/DEC/61/528	null-heavy-doc
A/DEC/61/548	null-heavy-doc
A/DEC/61/550	null-heavy-doc
A/DEC/62/402	null-heavy-doc
A/DEC/62/403	null-heavy-doc
A/DEC/62/407	null-heavy-doc
A/DEC/62/408	null-heavy-doc
A/DEC/62/409	null-heavy-doc
A/DEC/62/410	null-heavy-doc
A/DEC/62/411	null-heavy-doc
A/DEC/62/412	null-heavy-doc
A/DEC/62/413	null-heavy-doc
A/DEC/62/414	null-heavy-doc
A/DEC/62/421	null-heavy-doc
A/DEC/62/501	null-heavy-doc
A/DEC/62/505	null-heavy-doc
A/DEC/62/506	null-heavy-doc
A/DEC/62/507	null-heavy-doc
A/DEC/62/512	null-heavy-doc
A/DEC/62/513	null-heavy-doc
A/DEC/62/514	null-heavy-doc
A/DEC/62/521	null-heavy-doc
A/DEC/62/527	null-heavy-doc
A/DEC/62/529	null-heavy-doc
A/DEC/62/530	null-heavy-doc
A/DEC/62/532	null-heavy-doc
A/DEC/62/541	null-heavy-doc
A/DEC/62/542	null-heavy-doc
A/DEC/63/406	null-heavy-doc
A/DEC/63/407	null-heavy-doc
A/DEC/63/410	null-heavy-doc
A/DEC/63/411	null-heavy-doc
A/DEC/63/413	null-heavy-doc
A/DEC/63/505	null-heavy-doc
A/DEC/64/402	null-heavy-doc
A/DEC/64/404	null-heavy-doc
A/DEC/64/410	null-heavy-doc
A/DEC/64/413	null-heavy-doc
A/DEC/64/501	null-heavy-doc
A/DEC/64/505	null-heavy-doc
A/DEC/64/506	null-heavy-doc
A/DEC/64/507	null-heavy-doc
A/DEC/64/511	null-heavy-doc
A/DEC/64/512	null-heavy-doc
A/DEC/64/513	null-heavy-doc
A/DEC/64/514	null-heavy-doc
A/DEC/64/515	null-heavy-doc
A/DEC/64/516	null-heavy-doc
A/DEC/64/517	null-heavy-doc
A/DEC/64/522	null-heavy-doc
A/DEC/64/527	null-heavy-doc
A/DEC/64/530	null-heavy-doc
A/DEC/64/532	null-heavy-doc
A/DEC/64/533	null-heavy-doc
A/DEC/64/534	null-heavy-doc
A/DEC/64/535	null-heavy-doc
A/DEC/65/402	null-heavy-doc
A/DEC/65/408	null-heavy-doc
A/DEC/65/409	null-heavy-doc
A/DEC/65/410	null-heavy-doc
A/DEC/65/501	null-heavy-doc
A/DEC/65/504	null-heavy-doc
A/DEC/65/506	null-heavy-doc
A/DEC/65/507	null-heavy-doc
A/DEC/65/511	null-heavy-doc
A/DEC/65/515	null-heavy-doc
A/DEC/65/516	null-heavy-doc
A/DEC/65/517	null-heavy-doc
A/DEC/65/518	null-heavy-doc
A/DEC/65/522	null-heavy-doc
A/DEC/65/524	null-heavy-doc
A/DEC/65/526	null-heavy-doc
A/DEC/65/528	null-heavy-doc
A/DEC/65/532	null-heavy-doc
A/DEC/65/534	null-heavy-doc
A/DEC/65/535	null-heavy-doc
A/DEC/65/538	null-heavy-doc
A/DEC/65/541	null-heavy-doc
A/DEC/65/543	null-heavy-doc
A/DEC/66/511	null-heavy-doc
A/DEC/67/402	null-heavy-doc
A/DEC/67/406	null-heavy-doc
A/DEC/67/409	null-heavy-doc
A/DEC/67/411	null-heavy-doc
A/DEC/67/412	null-heavy-doc
A/DEC/67/503	null-heavy-doc
A/DEC/67/505	null-heavy-doc
A/DEC/67/507	null-heavy-doc
A/DEC/67/508	null-heavy-doc
A/DEC/67/514	null-heavy-doc
A/DEC/67/515	null-heavy-doc
A/DEC/67/516	null-heavy-doc
A/DEC/67/517	null-heavy-doc
A/DEC/67/518	null-heavy-doc
A/DEC/67/519	null-heavy-doc
A/DEC/67/520	null-heavy-doc
A/DEC/67/522	null-heavy-doc
A/DEC/67/523	null-heavy-doc
A/DEC/67/525	null-heavy-doc
A/DEC/67/526	null-heavy-doc
A/DEC/67/528	null-heavy-doc
A/DEC/67/531	null-heavy-doc
A/DEC/67/533	null-heavy-doc
A/DEC/67/535	null-heavy-doc
A/DEC/67/536	null-heavy-doc
A/DEC/67/537	null-heavy-doc
A/DEC/67/540	null-heavy-doc
A/DEC/67/551	null-heavy-doc
A/DEC/68/403	null-heavy-doc
A/DEC/68/409	null-heavy-doc
A/DEC/68/410	null-heavy-doc
A/DEC/68/411	null-heavy-doc
A/DEC/68/416	null-heavy-doc
A/DEC/68/417	null-heavy-doc
A/DEC/68/418	null-heavy-doc
A/DEC/68/419	null-heavy-doc
A/DEC/68/420	null-heavy-doc
A/DEC/68/501	null-heavy-doc
A/DEC/68/503	null-heavy-doc
A/DEC/68/506	null-heavy-doc
A/DEC/68/508	null-heavy-doc
A/DEC/68/509	null-heavy-doc
A/DEC/68/515	null-heavy-doc
A/DEC/68/516	null-heavy-doc
A/DEC/68/517	null-heavy-doc
A/DEC/68/519	null-heavy-doc
A/DEC/68/520	null-heavy-doc
A/DEC/68/524	null-heavy-doc
A/DEC/68/528	null-heavy-doc
A/DEC/68/531	null-heavy-doc
A/DEC/68/533	null-heavy-doc
A/DEC/68/534	null-heavy-doc
A/DEC/68/537	null-heavy-doc
A/DEC/68/541	null-heavy-doc
A/DEC/68/552	null-heavy-doc
A/DEC/68/553	null-heavy-doc
A/DEC/68/555	null-heavy-doc
A/DEC/69/406	null-heavy-doc
A/DEC/69/413	null-heavy-doc
A/DEC/69/414	null-heavy-doc
A/DEC/69/501	null-heavy-doc
A/DEC/69/503	null-heavy-doc
A/DEC/69/507	null-heavy-doc
A/DEC/69/508	null-heavy-doc
A/DEC/69/514	null-heavy-doc
A/DEC/69/515	null-heavy-doc
A/DEC/69/516	null-heavy-doc
A/DEC/69/517	null-heavy-doc
A/DEC/69/518	null-heavy-doc
A/DEC/69/519	null-heavy-doc
A/DEC/69/522	null-heavy-doc
A/DEC/69/527	null-heavy-doc
A/DEC/69/529	null-heavy-doc
A/DEC/69/531	null-heavy-doc
A/DEC/69/532	null-heavy-doc
A/DEC/69/533	null-heavy-doc
A/DEC/69/537	null-heavy-doc
A/DEC/69/538	null-heavy-doc
A/DEC/69/544	null-heavy-doc
A/DEC/69/545	null-heavy-doc
A/DEC/70/402	null-heavy-doc
A/DEC/70/409	null-heavy-doc
A/DEC/70/410	null-heavy-doc
A/DEC/70/412	null-heavy-doc
A/DEC/70/414	null-heavy-doc
A/DEC/70/415	null-heavy-doc
A/DEC/70/417	null-heavy-doc
A/DEC/70/501	null-heavy-doc
A/DEC/70/503	null-heavy-doc
A/DEC/70/505	null-heavy-doc
A/DEC/70/506	null-heavy-doc
A/DEC/70/514	null-heavy-doc
A/DEC/70/516	null-heavy-doc
A/DEC/70/518	null-heavy-doc
A/DEC/70/521	null-heavy-doc
A/DEC/70/523	null-heavy-doc
A/DEC/70/524	null-heavy-doc
A/DEC/70/525	null-heavy-doc
A/DEC/70/526	null-heavy-doc
A/DEC/70/529	null-heavy-doc
A/DEC/70/531	null-heavy-doc
A/DEC/70/532	null-heavy-doc
A/DEC/70/535	null-heavy-doc
A/DEC/70/536	null-heavy-doc
A/DEC/70/541	null-heavy-doc
A/DEC/70/547	null-heavy-doc
A/DEC/71/402	null-heavy-doc
A/DEC/71/407	null-heavy-doc
A/DEC/71/409	null-heavy-doc
A/DEC/71/410	null-heavy-doc
A/DEC/71/414	null-heavy-doc
A/DEC/71/501	null-heavy-doc
A/DEC/71/506	null-heavy-doc
A/DEC/71/510	null-heavy-doc
A/DEC/71/513	null-heavy-doc
A/DEC/71/514	null-heavy-doc
A/DEC/71/515	null-heavy-doc
A/DEC/71/516	null-heavy-doc
A/DEC/71/517	null-heavy-doc
A/DEC/71/518	null-heavy-doc
A/DEC/71/522	null-heavy-doc
A/DEC/71/524	null-heavy-doc
A/DEC/71/525	null-heavy-doc
A/DEC/71/526	null-heavy-doc
A/DEC/71/530	null-heavy-doc
A/DEC/71/531	null-heavy-doc
A/DEC/71/532	null-heavy-doc
A/DEC/71/533	null-heavy-doc
A/DEC/71/534	null-heavy-doc
A/DEC/71/537	null-heavy-doc
A/DEC/72/406	null-heavy-doc
A/DEC/72/407	null-heavy-doc
A/DEC/72/409	null-heavy-doc
A/DEC/72/410	null-heavy-doc
A/DEC/72/501	null-heavy-doc
A/DEC/72/510	null-heavy-doc
A/DEC/72/512	null-heavy-doc
A/DEC/72/514	null-heavy-doc
A/DEC/72/516	null-heavy-doc
A/DEC/72/518	null-heavy-doc
A/DEC/72/521	null-heavy-doc
A/DEC/72/523	null-heavy-doc
A/DEC/72/525	null-heavy-doc
A/DEC/72/528	null-heavy-doc
A/DEC/72/530	null-heavy-doc
A/DEC/72/531	null-heavy-doc
A/DEC/72/532	null-heavy-doc
A/DEC/72/535	null-heavy-doc
A/DEC/73/403	null-heavy-doc
A/DEC/73/406	null-heavy-doc
A/DEC/73/407	null-heavy-doc
A/DEC/73/409	null-heavy-doc
A/DEC/73/411	null-heavy-doc
A/DEC/73/412	null-heavy-doc
A/DEC/73/414	null-heavy-doc
A/DEC/73/511	null-heavy-doc
A/DEC/73/512	null-heavy-doc
A/DEC/73/517	null-heavy-doc
A/DEC/73/520	null-heavy-doc
A/DEC/73/522	null-heavy-doc
A/DEC/73/524	null-heavy-doc
A/DEC/73/527	null-heavy-doc
A/DEC/73/530	null-heavy-doc
A/DEC/73/531	null-heavy-doc
A/DEC/73/534	null-heavy-doc
A/DEC/73/535	null-heavy-doc
A/DEC/73/536	null-heavy-doc
A/DEC/73/537	null-heavy-doc
A/DEC/73/543	null-heavy-doc
A/DEC/74/403	null-heavy-doc
A/DEC/74/404	null-heavy-doc
A/DEC/74/410	null-heavy-doc
A/DEC/74/411	null-heavy-doc
A/DEC/74/412	null-heavy-doc
A/DEC/74/413	null-heavy-doc
A/DEC/74/420	null-heavy-doc
A/DEC/74/501	null-heavy-doc
A/DEC/74/507	null-heavy-doc
A/DEC/74/508	null-heavy-doc
A/DEC/74/509	null-heavy-doc
A/DEC/74/512	null-heavy-doc
A/DEC/74/516	null-heavy-doc
A/DEC/74/523	null-heavy-doc
A/DEC/74/524	null-heavy-doc
A/DEC/74/525	null-heavy-doc
A/DEC/74/526	null-heavy-doc
A/DEC/74/527	null-heavy-doc
A/DEC/74/528	null-heavy-doc
A/DEC/74/529	null-heavy-doc
A/DEC/74/531	null-heavy-doc
A/DEC/74/532	null-heavy-doc
A/DEC/74/570	null-heavy-doc
A/DEC/74/577	null-heavy-doc
A/DEC/74/583	null-heavy-doc
A/DEC/75/403	null-heavy-doc
A/DEC/75/404	null-heavy-doc
A/DEC/75/405	null-heavy-doc
A/DEC/75/406	null-heavy-doc
A/DEC/75/408	null-heavy-doc
A/DEC/75/409	null-heavy-doc
A/DEC/75/411	null-heavy-doc
A/DEC/75/412	null-heavy-doc
A/DEC/75/502	null-heavy-doc
A/DEC/75/503	null-heavy-doc
A/DEC/75/513	null-heavy-doc
A/DEC/75/514	null-heavy-doc
A/DEC/75/515	null-heavy-doc
A/DEC/75/516	null-heavy-doc
A/DEC/75/517	null-heavy-doc
A/DEC/75/518	null-heavy-doc
A/DEC/75/520	null-heavy-doc
A/DEC/75/524	null-heavy-doc
A/DEC/75/526	null-heavy-doc
A/DEC/75/529	null-heavy-doc
A/DEC/75/530	null-heavy-doc
A/DEC/75/531	null-heavy-doc
A/DEC/75/532	null-heavy-doc
A/DEC/75/533	null-heavy-doc
A/DEC/75/534	null-heavy-doc
A/DEC/75/535	null-heavy-doc
A/DEC/75/550	null-heavy-doc
A/DEC/75/551	null-heavy-doc
A/DEC/75/552	null-heavy-doc
A/DEC/76/403	null-heavy-doc
A/DEC/76/405	null-heavy-doc
A/DEC/76/408	null-heavy-doc
A/DEC/76/409	null-heavy-doc
A/DEC/76/410	null-heavy-doc
A/DEC/76/411	null-heavy-doc
A/DEC/76/412	null-heavy-doc
A/DEC/76/414	null-heavy-doc
A/DEC/76/501	null-heavy-doc
A/DEC/76/502	null-heavy-doc
A/DEC/76/503	null-heavy-doc
A/DEC/76/507	null-heavy-doc
A/DEC/76/513	null-heavy-doc
A/DEC/76/515	null-heavy-doc
A/DEC/76/516	null-heavy-doc
A/DEC/76/519	null-heavy-doc
A/DEC/76/523	null-heavy-doc
A/DEC/76/525	null-heavy-doc
A/DEC/76/527	null-heavy-doc
A/DEC/76/528	null-heavy-doc
A/DEC/76/529	null-heavy-doc
A/DEC/76/530	null-heavy-doc
A/DEC/76/531	null-heavy-doc
A/DEC/76/532	null-heavy-doc
A/DEC/76/533	null-heavy-doc
A/DEC/77/402	null-heavy-doc
A/DEC/77/404	null-heavy-doc
A/DEC/77/405	null-heavy-doc
A/DEC/77/406	null-heavy-doc
A/DEC/77/407	null-heavy-doc
A/DEC/77/410	null-heavy-doc
A/DEC/77/411	null-heavy-doc
A/DEC/77/412	null-heavy-doc
A/DEC/77/413	null-heavy-doc
A/DEC/77/414	null-heavy-doc
A/DEC/77/415	null-heavy-doc
A/DEC/77/417	null-heavy-doc
A/DEC/77/501	null-heavy-doc
A/DEC/77/502	null-heavy-doc
A/DEC/77/506	null-heavy-doc
A/DEC/77/511	null-heavy-doc
A/DEC/77/513	null-heavy-doc
A/DEC/77/514	null-heavy-doc
A/DEC/77/515	null-heavy-doc
A/DEC/77/516	null-heavy-doc
A/DEC/77/517	null-heavy-doc
A/DEC/77/519	null-heavy-doc
A/DEC/77/523	null-heavy-doc
A/DEC/77/524	null-heavy-doc
A/DEC/77/525	null-heavy-doc
A/DEC/77/526	null-heavy-doc
A/DEC/77/527	null-heavy-doc
A/DEC/77/528	null-heavy-doc
A/DEC/77/529	null-heavy-doc
A/DEC/77/534	null-heavy-doc
A/DEC/77/546	null-heavy-doc
A/DEC/77/547	null-heavy-doc
A/DEC/78/403	null-heavy-doc
A/DEC/78/404	null-heavy-doc
A/DEC/78/407	null-heavy-doc
A/DEC/78/408	null-heavy-doc
A/DEC/78/410	null-heavy-doc
A/DEC/78/501	null-heavy-doc
A/DEC/78/505	null-heavy-doc
A/DEC/78/510	null-heavy-doc
A/DEC/78/514	null-heavy-doc
A/DEC/78/517	null-heavy-doc
A/DEC/78/519	null-heavy-doc
A/DEC/78/520	null-heavy-doc
A/DEC/78/521	null-heavy-doc
A/DEC/78/522	null-heavy-doc
A/DEC/78/523	null-heavy-doc
A/DEC/78/524	null-heavy-doc
A/DEC/78/525	null-heavy-doc
A/DEC/78/526	null-heavy-doc
A/DEC/78/534	null-heavy-doc
A/DEC/79/401	null-heavy-doc
A/DEC/79/403	null-heavy-doc
A/DEC/79/404	null-heavy-doc
A/DEC/79/405	null-heavy-doc
A/DEC/79/406	null-heavy-doc
A/DEC/79/410	null-heavy-doc
A/DEC/79/411	null-heavy-doc
A/DEC/79/501	null-heavy-doc
A/DEC/79/502	null-heavy-doc
A/DEC/79/511	null-heavy-doc
A/DEC/79/513	null-heavy-doc
A/DEC/79/514	null-heavy-doc
A/DEC/79/515	null-heavy-doc
A/DEC/79/516	null-heavy-doc
A/DEC/79/517	null-heavy-doc
A/DEC/79/522	null-heavy-doc
A/DEC/79/524	null-heavy-doc
A/DEC/79/526	null-heavy-doc
A/DEC/79/527	null-heavy-doc
A/DEC/79/528	null-heavy-doc
A/DEC/79/529	null-heavy-doc
A/DEC/79/530	null-heavy-doc
A/DEC/79/531	null-heavy-doc
A/DEC/79/532	null-heavy-doc
A/DEC/79/533	null-heavy-doc
A/DEC/79/534	null-heavy-doc
A/DEC/80/403	null-heavy-doc
A/HRC/DEC/11/116	annex-invisible
A/HRC/DEC/6/102	null-heavy-doc
A/HRC/PRST/6/1	annex-invisible
A/HRC/PRST/6/1	null-heavy-doc
A/HRC/PRST/9/1	null-heavy-doc
A/HRC/PRST/OS/12/1	annex-invisible
A/HRC/PRST/OS/12/1	null-heavy-doc
A/HRC/PRST/OS/14/2	annex-invisible
A/HRC/PRST/OS/14/2	null-heavy-doc
A/HRC/RES/11/7	annex-invisible
A/HRC/RES/11/7	null-heavy-doc
A/HRC/RES/16/21	annex-invisible
A/HRC/RES/16/21	null-heavy-doc
A/HRC/RES/17/18	annex-invisible
A/HRC/RES/17/18	null-heavy-doc
A/HRC/RES/26/27	null-heavy-doc
A/HRC/RES/3/4	null-heavy-doc
A/HRC/RES/31/31	old-heading-missing
A/HRC/RES/35/23	old-heading-missing
A/HRC/RES/4/4	null-heavy-doc
A/HRC/RES/45/31	old-heading-missing
A/HRC/RES/49/20	old-heading-missing
A/HRC/RES/5/2	annex-invisible
A/HRC/RES/5/2	null-heavy-doc
A/HRC/RES/54/18	annex-invisible
A/HRC/RES/54/18	null-heavy-doc
A/HRC/RES/61/11	null-heavy-doc
A/HRC/RES/7/36	null-heavy-doc
A/HRC/RES/8/12	null-heavy-doc
A/HRC/RES/8/2	annex-invisible
A/HRC/RES/8/2	null-heavy-doc
A/RES/1003(ES-I)	null-heavy-doc
A/RES/1005(ES-II)	bare-section-heading
A/RES/1006(ES-II)	bare-section-heading
A/RES/1007(ES-II)	bare-section-heading
A/RES/104(S-1)	null-heavy-doc
A/RES/1074(XI)	null-heavy-doc
A/RES/1083(XI)	null-heavy-doc
A/RES/1085(XI)	null-heavy-doc
A/RES/1087(XI)	null-heavy-doc
A/RES/109(II)	null-heavy-doc
A/RES/1095(XI)	null-heavy-doc
A/RES/1096(XI)	null-heavy-doc
A/RES/110(II)	null-heavy-doc
A/RES/1100(XI)	null-heavy-doc
A/RES/1103(XI)	null-heavy-doc
A/RES/111(II)	null-heavy-doc
A/RES/1133(XI)	bare-section-heading
A/RES/1137(XII)	null-heavy-doc
A/RES/117(II)	null-heavy-doc
A/RES/1173(XII)	null-heavy-doc
A/RES/118(II)	null-heavy-doc
A/RES/1186(XII)	null-heavy-doc
A/RES/1189(XII)	null-heavy-doc
A/RES/1192(XII)	null-heavy-doc
A/RES/1201(XII)	null-heavy-doc
A/RES/1219(XII)	bare-section-heading
A/RES/122(II)	null-heavy-doc
A/RES/1221(XII)	null-heavy-doc
A/RES/1222(XII)	null-heavy-doc
A/RES/1223(XII)	null-heavy-doc
A/RES/1230(XII)	null-heavy-doc
A/RES/1240(XIII)	bare-section-heading
A/RES/125(II)	null-heavy-doc
A/RES/1251(XIII)	null-heavy-doc
A/RES/1257(XIII)	null-heavy-doc
A/RES/1263(XIII)	null-heavy-doc
A/RES/129(II)	null-heavy-doc
A/RES/13(I)	annex-invisible
A/RES/13(I)	null-heavy-doc
A/RES/13(I)	old-heading-missing
A/RES/1308(XIII)	null-heavy-doc
A/RES/1309(XIII)	bare-section-heading
A/RES/1310(XIII)	null-heavy-doc
A/RES/1311(XIII)	null-heavy-doc
A/RES/1312(XIII)	null-heavy-doc
A/RES/1316(XIII)	null-heavy-doc
A/RES/1334(XIII)	null-heavy-doc
A/RES/1338(XIII)	null-heavy-doc
A/RES/1352(XIV)	null-heavy-doc
A/RES/1354(XIV)	null-heavy-doc
A/RES/1369(XIV)	null-heavy-doc
A/RES/137(II)	null-heavy-doc
A/RES/1379(XIV)	null-heavy-doc
A/RES/138(II)	null-heavy-doc
A/RES/14(I)	bare-section-heading
A/RES/14(I)	null-heavy-doc
A/RES/141(II)	null-heavy-doc
A/RES/142(II)	null-heavy-doc
A/RES/1421(XIV)	bare-section-heading
A/RES/1434(XIV)	null-heavy-doc
A/RES/1437(XIV)	bare-section-heading
A/RES/1457(XIV)	bare-section-heading
A/RES/146(II)	null-heavy-doc
A/RES/149(II)	null-heavy-doc
A/RES/1493(XV)	null-heavy-doc
A/RES/151(II)	null-heavy-doc
A/RES/1514(XV)	null-heavy-doc
A/RES/152(II)	null-heavy-doc
A/RES/153(II)	null-heavy-doc
A/RES/154(II)	null-heavy-doc
A/RES/1545(XV)	null-heavy-doc
A/RES/1548(XV)	null-heavy-doc
A/RES/1549(XV)	null-heavy-doc
A/RES/155(II)	null-heavy-doc
A/RES/1558(XV)	bare-section-heading
A/RES/156(II)	null-heavy-doc
A/RES/1561(XV)	bare-section-heading
A/RES/1561(XV)	null-heavy-doc
A/RES/1562(XV)	annex-invisible
A/RES/1562(XV)	null-heavy-doc
A/RES/1565(XV)	null-heavy-doc
A/RES/157(II)	null-heavy-doc
A/RES/1573(XV)	null-heavy-doc
A/RES/1584(XV)	null-heavy-doc
A/RES/1585(XV)	null-heavy-doc
A/RES/1592(XV)	null-heavy-doc
A/RES/1599(XV)	null-heavy-doc
A/RES/1601(XV)	null-heavy-doc
A/RES/1618(XV)	null-heavy-doc
A/RES/162(II)	null-heavy-doc
A/RES/1621(S-III)	bare-section-heading
A/RES/1624(XVI)	null-heavy-doc
A/RES/1629(XVI)	null-heavy-doc
A/RES/163(II)	null-heavy-doc
A/RES/164(II)	null-heavy-doc
A/RES/1658(XVI)	null-heavy-doc
A/RES/1659(XVI)	null-heavy-doc
A/RES/166(II)	null-heavy-doc
A/RES/1689(XVI)	bare-section-heading
A/RES/169(II)	null-heavy-doc
A/RES/1690(XVI)	null-heavy-doc
A/RES/1691(XVI)	null-heavy-doc
A/RES/1692(XVI)	null-heavy-doc
A/RES/1708(XVI)	bare-section-heading
A/RES/1714(XVI)	bare-section-heading
A/RES/172(II)	null-heavy-doc
A/RES/1722(XVI)	bare-section-heading
A/RES/1726(XVI)	null-heavy-doc
A/RES/1734(XVI)	null-heavy-doc
A/RES/1736(XVI)	null-heavy-doc
A/RES/174(II)	bare-section-heading
A/RES/174(II)	null-heavy-doc
A/RES/174(II)	old-heading-missing
A/RES/1755(XVII)	null-heavy-doc
A/RES/1764(XVII)	bare-section-heading
A/RES/178(II)	null-heavy-doc
A/RES/1788(XVII)	bare-section-heading
A/RES/1788(XVII)	null-heavy-doc
A/RES/179(II)	null-heavy-doc
A/RES/1791(XVII)	null-heavy-doc
A/RES/1799(XVII)	null-heavy-doc
A/RES/18(I)	null-heavy-doc
A/RES/180(II)	null-heavy-doc
A/RES/1802(XVII)	bare-section-heading
A/RES/181(II)	null-heavy-doc
A/RES/182(II)	null-heavy-doc
A/RES/1821(XVII)	bare-section-heading
A/RES/184(II)	null-heavy-doc
A/RES/1845(XVII)	null-heavy-doc
A/RES/185(S-2)	null-heavy-doc
A/RES/1860(XVII)	null-heavy-doc
A/RES/1863(XVII)	null-heavy-doc
A/RES/1874(S-IV)	null-heavy-doc
A/RES/1881(XVIII)	null-heavy-doc
A/RES/1885(XVIII)	bare-section-heading
A/RES/1885(XVIII)	null-heavy-doc
A/RES/1890(XVIII)	bare-section-heading
A/RES/19(I)	null-heavy-doc
A/RES/1908(XVIII)	bare-section-heading
A/RES/192(III)	null-heavy-doc
A/RES/1929(XVIII)	null-heavy-doc
A/RES/193(III)	bare-section-heading
A/RES/193(III)	null-heavy-doc
A/RES/1947(XVIII)	null-heavy-doc
A/RES/1963(XVIII)	bare-section-heading
A/RES/1965(XVIII)	bare-section-heading
A/RES/197(III)	null-heavy-doc
A/RES/1979(XVIII)	null-heavy-doc
A/RES/1980(XVIII)	bare-section-heading
A/RES/1980(XVIII)	null-heavy-doc
A/RES/1986(XVIII)	null-heavy-doc
A/RES/1990(XVIII)	null-heavy-doc
A/RES/1995(XIX)	bare-section-heading
A/RES/1995(XIX)	old-heading-missing
A/RES/1997(XIX)	null-heavy-doc
A/RES/20(I)	null-heavy-doc
A/RES/2000(XIX)	null-heavy-doc
A/RES/2001(XIX)	null-heavy-doc
A/RES/2008(XX)	null-heavy-doc
A/RES/2013(XX)	bare-section-heading
A/RES/2013(XX)	null-heavy-doc
A/RES/2048(XX)	bare-section-heading
A/RES/2048(XX)	null-heavy-doc
A/RES/2051(XX)	null-heavy-doc
A/RES/2098(XX)	null-heavy-doc
A/RES/2104(XX)	null-heavy-doc
A/RES/211(III)	null-heavy-doc
A/RES/2115(XX)	bare-section-heading
A/RES/2117(XX)	null-heavy-doc
A/RES/2118(XX)	null-heavy-doc
A/RES/2119(XX)	null-heavy-doc
A/RES/2122(XX)	bare-section-heading
A/RES/2122(XX)	null-heavy-doc
A/RES/2127(XX)	null-heavy-doc
A/RES/2128(XX)	null-heavy-doc
A/RES/2130(XX)	bare-section-heading
A/RES/2140(XXI)	bare-section-heading
A/RES/2140(XXI)	null-heavy-doc
A/RES/2141(XXI)	null-heavy-doc
A/RES/2152(XXI)	bare-section-heading
A/RES/2152(XXI)	old-heading-missing
A/RES/217(III)	null-heavy-doc
A/RES/2191(XXI)	bare-section-heading
A/RES/22(I)	annex-invisible
A/RES/22(I)	bare-section-heading
A/RES/22(I)	null-heavy-doc
A/RES/22(I)	old-heading-missing
A/RES/2205(XXI)	bare-section-heading
A/RES/2205(XXI)	old-heading-missing
A/RES/2219(XXI)	null-heavy-doc
A/RES/222(III)	null-heavy-doc
A/RES/223(III)	null-heavy-doc
A/RES/2236(XXI)	null-heavy-doc
A/RES/2248(S-V)	bare-section-heading
A/RES/2304(XXII)	bare-section-heading
A/RES/2304(XXII)	null-heavy-doc
A/RES/231(III)	annex-invisible
A/RES/231(III)	null-heavy-doc
A/RES/2323(XXII)	null-heavy-doc
A/RES/2354(XXII)	bare-section-heading
A/RES/2361(XXII)	null-heavy-doc
A/RES/2367(XXII)	bare-section-heading
A/RES/2369(XXII)	null-heavy-doc
A/RES/2372(XXII)	bare-section-heading
A/RES/2379(XXIII)	null-heavy-doc
A/RES/239(III)	null-heavy-doc
A/RES/24(I)	bare-section-heading
A/RES/24(I)	null-heavy-doc
A/RES/24(I)	old-heading-missing
A/RES/245(III)	null-heavy-doc
A/RES/2464(XXIII)	null-heavy-doc
A/RES/2472(XXIII)	null-heavy-doc
A/RES/2484(XXIII)	null-heavy-doc
A/RES/2492(XXIII)	null-heavy-doc
A/RES/2495(XXIV)	bare-section-heading
A/RES/2495(XXIV)	null-heavy-doc
A/RES/2497(XXIV)	bare-section-heading
A/RES/25(I)	bare-section-heading
A/RES/251(III)	null-heavy-doc
A/RES/2511(XXIV)	null-heavy-doc
A/RES/2524(XXIV)	bare-section-heading
A/RES/2524(XXIV)	null-heavy-doc
A/RES/2576(XXIV)	null-heavy-doc
A/RES/258(III)	null-heavy-doc
A/RES/2598(XXIV)	null-heavy-doc
A/RES/2599(XXIV)	null-heavy-doc
A/RES/2610(XXIV)	null-heavy-doc
A/RES/2619(XXIV)	null-heavy-doc
A/RES/2629(XXV)	null-heavy-doc
A/RES/2631(XXV)	null-heavy-doc
A/RES/2637(XXV)	null-heavy-doc
A/RES/2658(XXV)	null-heavy-doc
A/RES/2660(XXV)	null-heavy-doc
A/RES/267(III)	null-heavy-doc
A/RES/27(I)	null-heavy-doc
A/RES/270(III)	null-heavy-doc
A/RES/2722(XXV)	null-heavy-doc
A/RES/273(III)	null-heavy-doc
A/RES/275(III)	null-heavy-doc
A/RES/2756(XXVI)	null-heavy-doc
A/RES/2761(XXVI)	null-heavy-doc
A/RES/2797(XXVI)	bare-section-heading
A/RES/2797(XXVI)	null-heavy-doc
A/RES/28(I)	null-heavy-doc
A/RES/282(III)	null-heavy-doc
A/RES/2820(XXVI)	bare-section-heading
A/RES/284(III)	null-heavy-doc
A/RES/2877(XXVI)	null-heavy-doc
A/RES/2887(XXVI)	bare-section-heading
A/RES/2887(XXVI)	null-heavy-doc
A/RES/2902(XXVI)	null-heavy-doc
A/RES/2912(XXVII)	bare-section-heading
A/RES/2926(XXVII)	bare-section-heading
A/RES/294(IV)	null-heavy-doc
A/RES/2941(XXVII)	null-heavy-doc
A/RES/2942(XXVII)	null-heavy-doc
A/RES/2987(XXVII)	null-heavy-doc
A/RES/2988(XXVII)	null-heavy-doc
A/RES/2997(XXVII)	bare-section-heading
A/RES/2997(XXVII)	old-heading-missing
A/RES/3034(XXVII)	null-heavy-doc
A/RES/3041(XXVII)	annex-invisible
A/RES/3041(XXVII)	bare-section-heading
A/RES/3041(XXVII)	null-heavy-doc
A/RES/3045(XXVII)	null-heavy-doc
A/RES/305(IV)	null-heavy-doc
A/RES/3052(XXVIII)	null-heavy-doc
A/RES/3055(XXVIII)	null-heavy-doc
A/RES/3095(XXVIII)	null-heavy-doc
A/RES/3096(XXVIII)	null-heavy-doc
A/RES/3097(XXVIII)	null-heavy-doc
A/RES/3098(XXVIII)	null-heavy-doc
A/RES/31(I)	null-heavy-doc
A/RES/31/10	null-heavy-doc
A/RES/31/114	bare-section-heading
A/RES/31/115	bare-section-heading
A/RES/31/116	bare-section-heading
A/RES/31/124	bare-section-heading
A/RES/31/140	bare-section-heading
A/RES/31/141	bare-section-heading
A/RES/31/147	bare-section-heading
A/RES/31/181	bare-section-heading
A/RES/31/193	bare-section-heading
A/RES/31/194	old-heading-missing
A/RES/31/196	bare-section-heading
A/RES/31/199	null-heavy-doc
A/RES/31/203	null-heavy-doc
A/RES/31/204	bare-section-heading
A/RES/31/206	null-heavy-doc
A/RES/31/207	null-heavy-doc
A/RES/31/208	bare-section-heading
A/RES/31/208	null-heavy-doc
A/RES/31/28	bare-section-heading
A/RES/31/36	bare-section-heading
A/RES/31/46	bare-section-heading
A/RES/31/5	null-heavy-doc
A/RES/31/50	bare-section-heading
A/RES/31/6	bare-section-heading
A/RES/31/61	bare-section-heading
A/RES/31/65	bare-section-heading
A/RES/31/69	bare-section-heading
A/RES/31/7	bare-section-heading
A/RES/31/72	bare-section-heading
A/RES/31/73	bare-section-heading
A/RES/31/78	bare-section-heading
A/RES/31/88	bare-section-heading
A/RES/31/91	bare-section-heading
A/RES/31/93	bare-section-heading
A/RES/31/96	bare-section-heading
A/RES/310(IV)	null-heavy-doc
A/RES/3100(XXVIII)	bare-section-heading
A/RES/314(IV)	null-heavy-doc
A/RES/316(IV)	null-heavy-doc
A/RES/317(IV)	null-heavy-doc
A/RES/3176(XXVIII)	bare-section-heading
A/RES/32(I)	null-heavy-doc
A/RES/32/10	bare-section-heading
A/RES/32/103	null-heavy-doc
A/RES/32/106	bare-section-heading
A/RES/32/108	bare-section-heading
A/RES/32/119	bare-section-heading
A/RES/32/143	bare-section-heading
A/RES/32/159	bare-section-heading
A/RES/32/16	null-heavy-doc
A/RES/32/169	bare-section-heading
A/RES/32/172	bare-section-heading
A/RES/32/19	bare-section-heading
A/RES/32/195	bare-section-heading
A/RES/32/197	old-heading-missing
A/RES/32/198	bare-section-heading
A/RES/32/2	bare-section-heading
A/RES/32/200	bare-section-heading
A/RES/32/202	null-heavy-doc
A/RES/32/203	null-heavy-doc
A/RES/32/205	null-heavy-doc
A/RES/32/211	bare-section-heading
A/RES/32/212	bare-section-heading
A/RES/32/213	null-heavy-doc
A/RES/32/24	bare-section-heading
A/RES/32/28	bare-section-heading
A/RES/32/29	bare-section-heading
A/RES/32/40	bare-section-heading
A/RES/32/41	bare-section-heading
A/RES/32/43	bare-section-heading
A/RES/32/54	bare-section-heading
A/RES/32/55	bare-section-heading
A/RES/32/57	bare-section-heading
A/RES/32/71	bare-section-heading
A/RES/32/74	bare-section-heading
A/RES/32/74	null-heavy-doc
A/RES/32/82	bare-section-heading
A/RES/32/85	bare-section-heading
A/RES/32/94	bare-section-heading
A/RES/3202(S-VI)	bare-section-heading
A/RES/3215(XXIX)	null-heavy-doc
A/RES/3229(XXIX)	null-heavy-doc
A/RES/3231(XXIX)	null-heavy-doc
A/RES/3248(XXIX)	null-heavy-doc
A/RES/3279(XXIX)	null-heavy-doc
A/RES/33/10	null-heavy-doc
A/RES/33/106	bare-section-heading
A/RES/33/108	bare-section-heading
A/RES/33/11	bare-section-heading
A/RES/33/115	bare-section-heading
A/RES/33/116	bare-section-heading
A/RES/33/116	null-heavy-doc
A/RES/33/118	bare-section-heading
A/RES/33/120	bare-section-heading
A/RES/33/130	bare-section-heading
A/RES/33/139	bare-section-heading
A/RES/33/141	bare-section-heading
A/RES/33/142	bare-section-heading
A/RES/33/154	bare-section-heading
A/RES/33/16	bare-section-heading
A/RES/33/166	bare-section-heading
A/RES/33/169	bare-section-heading
A/RES/33/17	null-heavy-doc
A/RES/33/180	bare-section-heading
A/RES/33/180	null-heavy-doc
A/RES/33/188	bare-section-heading
A/RES/33/2	null-heavy-doc
A/RES/33/202	bare-section-heading
A/RES/33/28	bare-section-heading
A/RES/33/35	bare-section-heading
A/RES/33/40	bare-section-heading
A/RES/33/48	bare-section-heading
A/RES/33/54	bare-section-heading
A/RES/33/57	null-heavy-doc
A/RES/33/60	bare-section-heading
A/RES/33/85	bare-section-heading
A/RES/33/86	null-heavy-doc
A/RES/33/91	bare-section-heading
A/RES/33/92	bare-section-heading
A/RES/33/99	bare-section-heading
A/RES/3304(XXIX)	null-heavy-doc
A/RES/3354(XXIX)	bare-section-heading
A/RES/3361(S-VII)	null-heavy-doc
A/RES/3362(S-VII)	bare-section-heading
A/RES/3371(XXX)	null-heavy-doc
A/RES/3374(XXX)	bare-section-heading
A/RES/338(IV)	null-heavy-doc
A/RES/3392(XXX)	bare-section-heading
A/RES/3393(XXX)	null-heavy-doc
A/RES/3394(XXX)	null-heavy-doc
A/RES/34/1	bare-section-heading
A/RES/34/1	null-heavy-doc
A/RES/34/10	null-heavy-doc
A/RES/34/126	bare-section-heading
A/RES/34/130	bare-section-heading
A/RES/34/181	bare-section-heading
A/RES/34/187	bare-section-heading
A/RES/34/194	bare-section-heading
A/RES/34/197	bare-section-heading
A/RES/34/2	bare-section-heading
A/RES/34/2	null-heavy-doc
A/RES/34/218	bare-section-heading
A/RES/34/221	bare-section-heading
A/RES/34/233	bare-section-heading
A/RES/34/24	bare-section-heading
A/RES/34/3	null-heavy-doc
A/RES/34/4	bare-section-heading
A/RES/34/4	null-heavy-doc
A/RES/34/5	bare-section-heading
A/RES/34/5	null-heavy-doc
A/RES/34/6	bare-section-heading
A/RES/34/6	null-heavy-doc
A/RES/34/72	bare-section-heading
A/RES/34/88	bare-section-heading
A/RES/3413(XXX)	null-heavy-doc
A/RES/343(IV)	null-heavy-doc
A/RES/3446(XXX)	null-heavy-doc
A/RES/346(IV)	null-heavy-doc
A/RES/347(IV)	annex-invisible
A/RES/347(IV)	null-heavy-doc
A/RES/3492(XXX)	null-heavy-doc
A/RES/35/107	bare-section-heading
A/RES/35/108	bare-section-heading
A/RES/35/110	bare-section-heading
A/RES/35/115	bare-section-heading
A/RES/35/125	bare-section-heading
A/RES/35/128	bare-section-heading
A/RES/35/133	bare-section-heading
A/RES/35/142	bare-section-heading
A/RES/35/144	bare-section-heading
A/RES/35/147	bare-section-heading
A/RES/35/148	bare-section-heading
A/RES/35/150	bare-section-heading
A/RES/35/156	bare-section-heading
A/RES/35/157	bare-section-heading
A/RES/35/160	bare-section-heading
A/RES/35/163	bare-section-heading
A/RES/35/166	bare-section-heading
A/RES/35/170	bare-section-heading
A/RES/35/178	bare-section-heading
A/RES/35/179	bare-section-heading
A/RES/35/181	bare-section-heading
A/RES/35/188	bare-section-heading
A/RES/35/191	bare-section-heading
A/RES/35/193	bare-section-heading
A/RES/35/200	bare-section-heading
A/RES/35/201	bare-section-heading
A/RES/35/205	bare-section-heading
A/RES/35/209	bare-section-heading
A/RES/35/209	null-heavy-doc
A/RES/35/210	bare-section-heading
A/RES/35/214	bare-section-heading
A/RES/35/215	bare-section-heading
A/RES/35/216	bare-section-heading
A/RES/35/217	bare-section-heading
A/RES/35/217	null-heavy-doc
A/RES/35/218	bare-section-heading
A/RES/35/218	null-heavy-doc
A/RES/35/224	bare-section-heading
A/RES/35/225	bare-section-heading
A/RES/35/227	bare-section-heading
A/RES/35/32	bare-section-heading
A/RES/35/33	bare-section-heading
A/RES/35/35	bare-section-heading
A/RES/35/47	bare-section-heading
A/RES/35/50	bare-section-heading
A/RES/35/63	old-heading-missing
A/RES/35/66	bare-section-heading
A/RES/35/69	bare-section-heading
A/RES/35/70	bare-section-heading
A/RES/35/72	bare-section-heading
A/RES/35/74	bare-section-heading
A/RES/35/75	bare-section-heading
A/RES/35/80	bare-section-heading
A/RES/35/81	bare-section-heading
A/RES/35/94	bare-section-heading
A/RES/3517(XXX)	bare-section-heading
A/RES/352(IV)	null-heavy-doc
A/RES/3525(XXX)	bare-section-heading
A/RES/3526(XXX)	bare-section-heading
A/RES/353(IV)	null-heavy-doc
A/RES/3540(XXX)	null-heavy-doc
A/RES/356(IV)	null-heavy-doc
A/RES/356(IV)	old-heading-missing
A/RES/36/100	bare-section-heading
A/RES/36/108	bare-section-heading
A/RES/36/11	bare-section-heading
A/RES/36/112	bare-section-heading
A/RES/36/117	bare-section-heading
A/RES/36/118	bare-section-heading
A/RES/36/12	bare-section-heading
A/RES/36/120	bare-section-heading
A/RES/36/125	bare-section-heading
A/RES/36/128	bare-section-heading
A/RES/36/132	bare-section-heading
A/RES/36/135	bare-section-heading
A/RES/36/138	bare-section-heading
A/RES/36/138	null-heavy-doc
A/RES/36/145	bare-section-heading
A/RES/36/154	bare-section-heading
A/RES/36/16	bare-section-heading
A/RES/36/162	bare-section-heading
A/RES/36/165	bare-section-heading
A/RES/36/167	bare-section-heading
A/RES/36/168	bare-section-heading
A/RES/36/179	bare-section-heading
A/RES/36/182	bare-section-heading
A/RES/36/183	bare-section-heading
A/RES/36/185	bare-section-heading
A/RES/36/188	bare-section-heading
A/RES/36/189	bare-section-heading
A/RES/36/189	null-heavy-doc
A/RES/36/190	bare-section-heading
A/RES/36/192	bare-section-heading
A/RES/36/199	bare-section-heading
A/RES/36/2	null-heavy-doc
A/RES/36/204	bare-section-heading
A/RES/36/207	bare-section-heading
A/RES/36/220	bare-section-heading
A/RES/36/228	bare-section-heading
A/RES/36/234	null-heavy-doc
A/RES/36/235	bare-section-heading
A/RES/36/235	null-heavy-doc
A/RES/36/238	bare-section-heading
A/RES/36/239	null-heavy-doc
A/RES/36/242	bare-section-heading
A/RES/36/32	bare-section-heading
A/RES/36/35	bare-section-heading
A/RES/36/39	bare-section-heading
A/RES/36/40	bare-section-heading
A/RES/36/44	bare-section-heading
A/RES/36/61	bare-section-heading
A/RES/36/62	bare-section-heading
A/RES/36/66	null-heavy-doc
A/RES/36/75	bare-section-heading
A/RES/36/76	bare-section-heading
A/RES/36/77	bare-section-heading
A/RES/36/8	bare-section-heading
A/RES/36/85	bare-section-heading
A/RES/36/89	bare-section-heading
A/RES/36/9	bare-section-heading
A/RES/36/97	bare-section-heading
A/RES/366(IV)	null-heavy-doc
A/RES/368(IV)	null-heavy-doc
A/RES/369(IV)	null-heavy-doc
A/RES/37/106	bare-section-heading
A/RES/37/117	bare-section-heading
A/RES/37/118	bare-section-heading
A/RES/37/125	null-heavy-doc
A/RES/37/130	bare-section-heading
A/RES/37/131	bare-section-heading
A/RES/37/132	null-heavy-doc
A/RES/37/133	null-heavy-doc
A/RES/37/134	null-heavy-doc
A/RES/37/137	bare-section-heading
A/RES/37/143	bare-section-heading
A/RES/37/144	bare-section-heading
A/RES/37/166	bare-section-heading
A/RES/37/17	bare-section-heading
A/RES/37/175	bare-section-heading
A/RES/37/237	bare-section-heading
A/RES/37/237	null-heavy-doc
A/RES/37/244	bare-section-heading
A/RES/37/38	bare-section-heading
A/RES/37/47	bare-section-heading
A/RES/37/48	bare-section-heading
A/RES/37/58	bare-section-heading
A/RES/37/66	bare-section-heading
A/RES/37/69	bare-section-heading
A/RES/37/70	bare-section-heading
A/RES/37/90	bare-section-heading
A/RES/37/92	old-heading-missing
A/RES/375(IV)	null-heavy-doc
A/RES/377(V)	bare-section-heading
A/RES/38/100	null-heavy-doc
A/RES/38/110	bare-section-heading
A/RES/38/116	bare-section-heading
A/RES/38/120	bare-section-heading
A/RES/38/168	bare-section-heading
A/RES/38/169	bare-section-heading
A/RES/38/232	bare-section-heading
A/RES/38/233	bare-section-heading
A/RES/38/234	bare-section-heading
A/RES/38/234	null-heavy-doc
A/RES/38/36	bare-section-heading
A/RES/38/44	bare-section-heading
A/RES/38/57	null-heavy-doc
A/RES/38/59	bare-section-heading
A/RES/38/60	bare-section-heading
A/RES/38/60	null-heavy-doc
A/RES/38/79	null-heavy-doc
A/RES/38/80	bare-section-heading
A/RES/38/83	bare-section-heading
A/RES/38/94	bare-section-heading
A/RES/38/96	bare-section-heading
A/RES/38/97	null-heavy-doc
A/RES/38/98	null-heavy-doc
A/RES/381(V)	null-heavy-doc
A/RES/39(I)	null-heavy-doc
A/RES/39/101	bare-section-heading
A/RES/39/117	bare-section-heading
A/RES/39/121	bare-section-heading
A/RES/39/125	bare-section-heading
A/RES/39/127	bare-section-heading
A/RES/39/128	bare-section-heading
A/RES/39/132	bare-section-heading
A/RES/39/135	bare-section-heading
A/RES/39/136	bare-section-heading
A/RES/39/142	bare-section-heading
A/RES/39/142	null-heavy-doc
A/RES/39/143	bare-section-heading
A/RES/39/144	bare-section-heading
A/RES/39/169	bare-section-heading
A/RES/39/171	bare-section-heading
A/RES/39/186	bare-section-heading
A/RES/39/202	bare-section-heading
A/RES/39/203	bare-section-heading
A/RES/39/206	bare-section-heading
A/RES/39/211	bare-section-heading
A/RES/39/217	bare-section-heading
A/RES/39/220	bare-section-heading
A/RES/39/222	bare-section-heading
A/RES/39/224	bare-section-heading
A/RES/39/232	bare-section-heading
A/RES/39/234	null-heavy-doc
A/RES/39/236	bare-section-heading
A/RES/39/236	null-heavy-doc
A/RES/39/242	bare-section-heading
A/RES/39/242	null-heavy-doc
A/RES/39/245	bare-section-heading
A/RES/39/246	bare-section-heading
A/RES/39/246	null-heavy-doc
A/RES/39/248	old-heading-missing
A/RES/39/36	bare-section-heading
A/RES/39/46	old-heading-missing
A/RES/39/69	null-heavy-doc
A/RES/39/90	bare-section-heading
A/RES/39/96	bare-section-heading
A/RES/390(V)	bare-section-heading
A/RES/392(V)	null-heavy-doc
A/RES/399(V)	null-heavy-doc
A/RES/40/1	null-heavy-doc
A/RES/40/10	bare-section-heading
A/RES/40/105	bare-section-heading
A/RES/40/109	bare-section-heading
A/RES/40/111	bare-section-heading
A/RES/40/116	bare-section-heading
A/RES/40/117	bare-section-heading
A/RES/40/123	bare-section-heading
A/RES/40/137	bare-section-heading
A/RES/40/146	bare-section-heading
A/RES/40/152	bare-section-heading
A/RES/40/170	bare-section-heading
A/RES/40/171	bare-section-heading
A/RES/40/173	bare-section-heading
A/RES/40/185	bare-section-heading
A/RES/40/189	bare-section-heading
A/RES/40/194	bare-section-heading
A/RES/40/207	bare-section-heading
A/RES/40/217	bare-section-heading
A/RES/40/219	bare-section-heading
A/RES/40/221	bare-section-heading
A/RES/40/224	null-heavy-doc
A/RES/40/240	bare-section-heading
A/RES/40/240	null-heavy-doc
A/RES/40/243	bare-section-heading
A/RES/40/244	bare-section-heading
A/RES/40/245	bare-section-heading
A/RES/40/246	bare-section-heading
A/RES/40/248	null-heavy-doc
A/RES/40/25	bare-section-heading
A/RES/40/252	bare-section-heading
A/RES/40/252	null-heavy-doc
A/RES/40/26	null-heavy-doc
A/RES/40/27	bare-section-heading
A/RES/40/29	bare-section-heading
A/RES/40/30	bare-section-heading
A/RES/40/34	bare-section-heading
A/RES/40/34	old-heading-missing
A/RES/40/36	bare-section-heading
A/RES/40/45	bare-section-heading
A/RES/40/5	bare-section-heading
A/RES/40/59	bare-section-heading
A/RES/40/59	null-heavy-doc
A/RES/40/76	annex-invisible
A/RES/40/76	bare-section-heading
A/RES/40/76	null-heavy-doc
A/RES/40/99	bare-section-heading
A/RES/41(I)	null-heavy-doc
A/RES/41/101	bare-section-heading
A/RES/41/109	bare-section-heading
A/RES/41/120	bare-section-heading
A/RES/41/129	bare-section-heading
A/RES/41/132	bare-section-heading
A/RES/41/133	null-heavy-doc
A/RES/41/136	bare-section-heading
A/RES/41/139	bare-section-heading
A/RES/41/143	bare-section-heading
A/RES/41/179	bare-section-heading
A/RES/41/185	bare-section-heading
A/RES/41/209	bare-section-heading
A/RES/41/211	bare-section-heading
A/RES/41/44	bare-section-heading
A/RES/41/66	bare-section-heading
A/RES/41/78	bare-section-heading
A/RES/41/98	bare-section-heading
A/RES/411(V)	null-heavy-doc
A/RES/413(V)	null-heavy-doc
A/RES/417(V)	bare-section-heading
A/RES/418(V)	null-heavy-doc
A/RES/42(I)	null-heavy-doc
A/RES/42/126	bare-section-heading
A/RES/42/137	bare-section-heading
A/RES/42/139	bare-section-heading
A/RES/42/154	bare-section-heading
A/RES/42/159	null-heavy-doc
A/RES/42/16	bare-section-heading
A/RES/42/161	bare-section-heading
A/RES/42/162	bare-section-heading
A/RES/42/165	bare-section-heading
A/RES/42/169	bare-section-heading
A/RES/42/169	old-heading-missing
A/RES/42/170	null-heavy-doc
A/RES/42/172	null-heavy-doc
A/RES/42/187	bare-section-heading
A/RES/42/196	bare-section-heading
A/RES/42/197	bare-section-heading
A/RES/42/2	bare-section-heading
A/RES/42/203	bare-section-heading
A/RES/42/209	bare-section-heading
A/RES/42/211	old-heading-missing
A/RES/42/215	bare-section-heading
A/RES/42/220	bare-section-heading
A/RES/42/221	bare-section-heading
A/RES/42/222	bare-section-heading
A/RES/42/225	bare-section-heading
A/RES/42/225	null-heavy-doc
A/RES/42/35	bare-section-heading
A/RES/42/37	old-heading-missing
A/RES/42/38	old-heading-missing
A/RES/42/46	bare-section-heading
A/RES/42/47	bare-section-heading
A/RES/42/56	bare-section-heading
A/RES/42/60	bare-section-heading
A/RES/42/69	bare-section-heading
A/RES/42/71	bare-section-heading
A/RES/42/80	bare-section-heading
A/RES/42/83	bare-section-heading
A/RES/42/84	bare-section-heading
A/RES/42/97	bare-section-heading
A/RES/424(V)	null-heavy-doc
A/RES/425(V)	null-heavy-doc
A/RES/43/10	bare-section-heading
A/RES/43/119	bare-section-heading
A/RES/43/137	bare-section-heading
A/RES/43/145	bare-section-heading
A/RES/43/165	bare-section-heading
A/RES/43/217	bare-section-heading
A/RES/43/217	null-heavy-doc
A/RES/43/219	bare-section-heading
A/RES/43/222	old-heading-missing
A/RES/43/223	bare-section-heading
A/RES/43/223	null-heavy-doc
A/RES/43/230	bare-section-heading
A/RES/43/26	bare-section-heading
A/RES/44/103	null-heavy-doc
A/RES/44/117	bare-section-heading
A/RES/44/14	bare-section-heading
A/RES/44/19	bare-section-heading
A/RES/44/19	null-heavy-doc
A/RES/44/194	bare-section-heading
A/RES/44/195	null-heavy-doc
A/RES/44/201	bare-section-heading
A/RES/446(V)	null-heavy-doc
A/RES/45(I)	null-heavy-doc
A/RES/45/239	bare-section-heading
A/RES/45/248	bare-section-heading
A/RES/45/248	null-heavy-doc
A/RES/45/248	old-heading-missing
A/RES/45/252	null-heavy-doc
A/RES/45/56	null-heavy-doc
A/RES/453(V)	null-heavy-doc
A/RES/46/184	bare-section-heading
A/RES/46/184	null-heavy-doc
A/RES/46/36	annex-invisible
A/RES/46/37	null-heavy-doc
A/RES/467(V)	null-heavy-doc
A/RES/47(I)	null-heavy-doc
A/RES/47/102	bare-section-heading
A/RES/47/120A	bare-section-heading
A/RES/47/134	null-heavy-doc
A/RES/47/181	null-heavy-doc
A/RES/47/190	old-heading-missing
A/RES/47/191	old-heading-missing
A/RES/47/219A	null-heavy-doc
A/RES/470(V)	null-heavy-doc
A/RES/473(V)	null-heavy-doc
A/RES/478(V)	null-heavy-doc
A/RES/48/108	annex-invisible
A/RES/48/112	bare-section-heading
A/RES/48/112	old-heading-missing
A/RES/48/12	old-heading-missing
A/RES/48/134	annex-invisible
A/RES/48/134	null-heavy-doc
A/RES/48/162	annex-invisible
A/RES/48/162	null-heavy-doc
A/RES/48/162	old-heading-missing
A/RES/48/241	null-heavy-doc
A/RES/48/242	null-heavy-doc
A/RES/48/246	null-heavy-doc
A/RES/48/263	annex-invisible
A/RES/48/263	null-heavy-doc
A/RES/48/264	annex-invisible
A/RES/48/91	annex-invisible
A/RES/48/91	null-heavy-doc
A/RES/48/96	annex-invisible
A/RES/48/96	null-heavy-doc
A/RES/48/96	old-heading-missing
A/RES/482(V)	null-heavy-doc
A/RES/483(V)	null-heavy-doc
A/RES/484(V)	null-heavy-doc
A/RES/49/12B	annex-invisible
A/RES/49/12B	null-heavy-doc
A/RES/49/146	annex-invisible
A/RES/49/146	null-heavy-doc
A/RES/49/153	bare-section-heading
A/RES/49/168	bare-section-heading
A/RES/49/178	old-heading-missing
A/RES/49/209	null-heavy-doc
A/RES/49/219	bare-section-heading
A/RES/49/223	bare-section-heading
A/RES/49/223	null-heavy-doc
A/RES/49/224	bare-section-heading
A/RES/49/225	null-heavy-doc
A/RES/49/226	null-heavy-doc
A/RES/49/232A	null-heavy-doc
A/RES/49/233A	bare-section-heading
A/RES/49/233B	bare-section-heading
A/RES/49/233B	null-heavy-doc
A/RES/49/237	bare-section-heading
A/RES/49/239	null-heavy-doc
A/RES/49/241	null-heavy-doc
A/RES/49/251	null-heavy-doc
A/RES/49/37	old-heading-missing
A/RES/49/50	annex-invisible
A/RES/49/50	null-heavy-doc
A/RES/49/59	annex-invisible
A/RES/49/59	null-heavy-doc
A/RES/49/60	bare-section-heading
A/RES/49/88	old-heading-missing
A/RES/497(V)	null-heavy-doc
A/RES/498(V)	null-heavy-doc
A/RES/50/103	annex-invisible
A/RES/50/103	bare-section-heading
A/RES/50/103	null-heavy-doc
A/RES/50/11	old-heading-missing
A/RES/50/148	bare-section-heading
A/RES/50/153	bare-section-heading
A/RES/50/157	annex-invisible
A/RES/50/157	null-heavy-doc
A/RES/50/208	bare-section-heading
A/RES/50/214	bare-section-heading
A/RES/50/216	bare-section-heading
A/RES/50/227	annex-invisible
A/RES/50/227	null-heavy-doc
A/RES/50/227	old-heading-missing
A/RES/50/48	annex-invisible
A/RES/50/48	null-heavy-doc
A/RES/50/5	annex-invisible
A/RES/50/5	null-heavy-doc
A/RES/50/50	annex-invisible
A/RES/50/50	null-heavy-doc
A/RES/50/6	null-heavy-doc
A/RES/50/81	annex-invisible
A/RES/50/81	null-heavy-doc
A/RES/50/81	old-heading-missing
A/RES/50/89	null-heavy-doc
A/RES/500(V)	bare-section-heading
A/RES/51/114	bare-section-heading
A/RES/51/122	annex-invisible
A/RES/51/122	null-heavy-doc
A/RES/51/157	annex-invisible
A/RES/51/157	null-heavy-doc
A/RES/51/162	annex-invisible
A/RES/51/162	null-heavy-doc
A/RES/51/167	bare-section-heading
A/RES/51/210	bare-section-heading
A/RES/51/216	bare-section-heading
A/RES/51/217	bare-section-heading
A/RES/51/218E	bare-section-heading
A/RES/51/219	annex-invisible
A/RES/51/219	bare-section-heading
A/RES/51/219	null-heavy-doc
A/RES/51/221	bare-section-heading
A/RES/51/225	bare-section-heading
A/RES/51/229	annex-invisible
A/RES/51/229	null-heavy-doc
A/RES/51/240	annex-invisible
A/RES/51/240	null-heavy-doc
A/RES/51/240	old-heading-missing
A/RES/51/241	annex-invisible
A/RES/51/241	null-heavy-doc
A/RES/51/242	annex-invisible
A/RES/51/242	null-heavy-doc
A/RES/51/59	annex-invisible
A/RES/51/64	bare-section-heading
A/RES/51/77	bare-section-heading
A/RES/51/77	old-heading-missing
A/RES/51/80	bare-section-heading
A/RES/510(VI)	null-heavy-doc
A/RES/511(VI)	null-heavy-doc
A/RES/52/107	bare-section-heading
A/RES/52/110	bare-section-heading
A/RES/52/111	bare-section-heading
A/RES/52/158	annex-invisible
A/RES/52/158	null-heavy-doc
A/RES/52/164	annex-invisible
A/RES/52/164	null-heavy-doc
A/RES/52/166	null-heavy-doc
A/RES/52/182	bare-section-heading
A/RES/52/192	bare-section-heading
A/RES/52/1A	bare-section-heading
A/RES/52/214	bare-section-heading
A/RES/52/216	bare-section-heading
A/RES/52/216	null-heavy-doc
A/RES/52/220	annex-invisible
A/RES/52/220	bare-section-heading
A/RES/52/220	old-heading-missing
A/RES/52/222	bare-section-heading
A/RES/52/251	annex-invisible
A/RES/52/251	null-heavy-doc
A/RES/52/27	annex-invisible
A/RES/52/27	null-heavy-doc
A/RES/52/86	annex-invisible
A/RES/52/86	null-heavy-doc
A/RES/52/86	old-heading-missing
A/RES/52/88	annex-invisible
A/RES/52/88	bare-section-heading
A/RES/52/92	bare-section-heading
A/RES/52/92	old-heading-missing
A/RES/53/112	annex-invisible
A/RES/53/112	null-heavy-doc
A/RES/53/115	bare-section-heading
A/RES/53/128	bare-section-heading
A/RES/53/131	bare-section-heading
A/RES/53/132	bare-section-heading
A/RES/53/2	null-heavy-doc
A/RES/53/209	bare-section-heading
A/RES/53/209	null-heavy-doc
A/RES/53/210	bare-section-heading
A/RES/53/214	bare-section-heading
A/RES/54(I)	null-heavy-doc
A/RES/54/109	annex-invisible
A/RES/54/109	null-heavy-doc
A/RES/54/132	annex-invisible
A/RES/54/132	bare-section-heading
A/RES/54/132	null-heavy-doc
A/RES/54/14	bare-section-heading
A/RES/54/149	bare-section-heading
A/RES/54/154	bare-section-heading
A/RES/54/237D	bare-section-heading
A/RES/54/238	bare-section-heading
A/RES/54/238	null-heavy-doc
A/RES/54/244	old-heading-missing
A/RES/54/248	bare-section-heading
A/RES/54/249	annex-invisible
A/RES/54/249	bare-section-heading
A/RES/54/251	bare-section-heading
A/RES/54/258B	bare-section-heading
A/RES/54/261	annex-invisible
A/RES/54/261	bare-section-heading
A/RES/54/261	null-heavy-doc
A/RES/54/263	annex-invisible
A/RES/54/263	null-heavy-doc
A/RES/54/263	old-heading-missing
A/RES/54/280	annex-invisible
A/RES/54/280	null-heavy-doc
A/RES/54/281	annex-invisible
A/RES/54/281	null-heavy-doc
A/RES/54/282	annex-invisible
A/RES/54/282	null-heavy-doc
A/RES/54/4	annex-invisible
A/RES/54/4	null-heavy-doc
A/RES/54/58	bare-section-heading
A/RES/543(VI)	null-heavy-doc
A/RES/55/153	annex-invisible
A/RES/55/153	null-heavy-doc
A/RES/55/2	null-heavy-doc
A/RES/55/222	bare-section-heading
A/RES/55/223	null-heavy-doc
A/RES/55/234	annex-invisible
A/RES/55/234	null-heavy-doc
A/RES/55/235	bare-section-heading
A/RES/55/242	annex-invisible
A/RES/55/242	null-heavy-doc
A/RES/55/246	null-heavy-doc
A/RES/55/25	annex-invisible
A/RES/55/25	null-heavy-doc
A/RES/55/255	annex-invisible
A/RES/55/255	null-heavy-doc
A/RES/55/255	old-heading-missing
A/RES/55/256	annex-invisible
A/RES/55/256	null-heavy-doc
A/RES/55/258	bare-section-heading
A/RES/55/276	annex-invisible
A/RES/55/276	null-heavy-doc
A/RES/55/283	annex-invisible
A/RES/55/283	null-heavy-doc
A/RES/55/285	annex-invisible
A/RES/55/285	null-heavy-doc
A/RES/55/59	annex-invisible
A/RES/55/59	null-heavy-doc
A/RES/55/61	annex-invisible
A/RES/55/7	annex-invisible
A/RES/55/89	annex-invisible
A/RES/56/227	old-heading-missing
A/RES/56/244	null-heavy-doc
A/RES/56/253	annex-invisible
A/RES/56/253	bare-section-heading
A/RES/56/253	null-heavy-doc
A/RES/56/255	null-heavy-doc
A/RES/56/261	annex-invisible
A/RES/56/261	null-heavy-doc
A/RES/56/262	bare-section-heading
A/RES/56/280	null-heavy-doc
A/RES/56/38	annex-invisible
A/RES/56/38	null-heavy-doc
A/RES/56/509	null-heavy-doc
A/RES/56/80	annex-invisible
A/RES/56/80	null-heavy-doc
A/RES/56/81	annex-invisible
A/RES/56/81	null-heavy-doc
A/RES/56/83	annex-invisible
A/RES/56/83	null-heavy-doc
A/RES/57/18	annex-invisible
A/RES/57/18	null-heavy-doc
A/RES/57/190	bare-section-heading
A/RES/57/199	annex-invisible
A/RES/57/199	null-heavy-doc
A/RES/57/199	old-heading-missing
A/RES/57/228B	annex-invisible
A/RES/57/228B	null-heavy-doc
A/RES/57/270B	annex-invisible
A/RES/57/310	bare-section-heading
A/RES/57/33	annex-invisible
A/RES/57/33	null-heavy-doc
A/RES/57/7	bare-section-heading
A/RES/575(VI)	null-heavy-doc
A/RES/576(VI)	null-heavy-doc
A/RES/58(I)	bare-section-heading
A/RES/58(I)	null-heavy-doc
A/RES/58/126	annex-invisible
A/RES/58/126	null-heavy-doc
A/RES/58/199	annex-invisible
A/RES/58/232	annex-invisible
A/RES/58/232	null-heavy-doc
A/RES/58/250	bare-section-heading
A/RES/58/251	null-heavy-doc
A/RES/58/264	annex-invisible
A/RES/58/264	null-heavy-doc
A/RES/58/270	null-heavy-doc
A/RES/58/280	old-heading-missing
A/RES/58/314	annex-invisible
A/RES/58/316	annex-invisible
A/RES/58/316	null-heavy-doc
A/RES/58/4	annex-invisible
A/RES/58/4	null-heavy-doc
A/RES/58/4	old-heading-missing
A/RES/582(VI)	null-heavy-doc
A/RES/583(VI)	bare-section-heading
A/RES/583(VI)	null-heavy-doc
A/RES/584(VI)	bare-section-heading
A/RES/584(VI)	null-heavy-doc
A/RES/585(VI)	bare-section-heading
A/RES/585(VI)	null-heavy-doc
A/RES/59/265	bare-section-heading
A/RES/59/276	old-heading-missing
A/RES/59/290	annex-invisible
A/RES/59/290	null-heavy-doc
A/RES/59/291	annex-invisible
A/RES/59/291	null-heavy-doc
A/RES/59/296	bare-section-heading
A/RES/59/314	annex-invisible
A/RES/59/314	null-heavy-doc
A/RES/59/38	annex-invisible
A/RES/59/38	null-heavy-doc
A/RES/590(VI)	annex-invisible
A/RES/590(VI)	null-heavy-doc
A/RES/592(VI)	null-heavy-doc
A/RES/60/13	old-heading-missing
A/RES/60/177	annex-invisible
A/RES/60/177	null-heavy-doc
A/RES/60/184	old-heading-missing
A/RES/60/21	annex-invisible
A/RES/60/21	null-heavy-doc
A/RES/60/236B	bare-section-heading
A/RES/60/237	bare-section-heading
A/RES/60/258	bare-section-heading
A/RES/60/262	annex-invisible
A/RES/60/262	null-heavy-doc
A/RES/60/266	bare-section-heading
A/RES/60/288	annex-invisible
A/RES/60/288	null-heavy-doc
A/RES/60/42	annex-invisible
A/RES/60/42	null-heavy-doc
A/RES/609(VII)	bare-section-heading
A/RES/61/106	annex-invisible
A/RES/61/106	null-heavy-doc
A/RES/61/177	annex-invisible
A/RES/61/177	null-heavy-doc
A/RES/61/238	bare-section-heading
A/RES/61/261	old-heading-missing
A/RES/61/276	bare-section-heading
A/RES/61/279	old-heading-missing
A/RES/61/295	old-heading-missing
A/RES/610(VII)	bare-section-heading
A/RES/610(VII)	null-heavy-doc
A/RES/62/126	annex-invisible
A/RES/62/126	null-heavy-doc
A/RES/62/214	annex-invisible
A/RES/62/214	null-heavy-doc
A/RES/62/214	old-heading-missing
A/RES/62/229	bare-section-heading
A/RES/62/230	bare-section-heading
A/RES/62/277	annex-invisible
A/RES/62/277	null-heavy-doc
A/RES/62/67	annex-invisible
A/RES/62/67	null-heavy-doc
A/RES/62/98	annex-invisible
A/RES/62/98	null-heavy-doc
A/RES/622(VII)	bare-section-heading
A/RES/63/116	null-heavy-doc
A/RES/63/117	annex-invisible
A/RES/63/117	null-heavy-doc
A/RES/63/117	old-heading-missing
A/RES/63/122	annex-invisible
A/RES/63/122	null-heavy-doc
A/RES/63/124	annex-invisible
A/RES/63/124	null-heavy-doc
A/RES/63/16	null-heavy-doc
A/RES/63/23	old-heading-missing
A/RES/63/239	annex-invisible
A/RES/63/239	null-heavy-doc
A/RES/63/239	old-heading-missing
A/RES/63/253	old-heading-missing
A/RES/63/259	bare-section-heading
A/RES/63/260	old-heading-missing
A/RES/63/261	old-heading-missing
A/RES/63/271	old-heading-missing
A/RES/63/303	annex-invisible
A/RES/63/303	null-heavy-doc
A/RES/63/303	old-heading-missing
A/RES/64/115	annex-invisible
A/RES/64/142	annex-invisible
A/RES/64/142	null-heavy-doc
A/RES/64/172	old-heading-missing
A/RES/64/184	annex-invisible
A/RES/64/184	null-heavy-doc
A/RES/64/211	annex-invisible
A/RES/64/222	annex-invisible
A/RES/64/222	null-heavy-doc
A/RES/64/222	old-heading-missing
A/RES/64/239	bare-section-heading
A/RES/64/240	bare-section-heading
A/RES/64/262	bare-section-heading
A/RES/64/293	annex-invisible
A/RES/64/293	null-heavy-doc
A/RES/64/300	annex-invisible
A/RES/64/300	null-heavy-doc
A/RES/640(VII)	annex-invisible
A/RES/640(VII)	null-heavy-doc
A/RES/648(VII)	annex-invisible
A/RES/648(VII)	bare-section-heading
A/RES/648(VII)	null-heavy-doc
A/RES/65/228	annex-invisible
A/RES/65/228	null-heavy-doc
A/RES/65/229	annex-invisible
A/RES/65/229	null-heavy-doc
A/RES/65/230	annex-invisible
A/RES/65/230	null-heavy-doc
A/RES/65/259	old-heading-missing
A/RES/65/277	annex-invisible
A/RES/65/277	null-heavy-doc
A/RES/65/277	old-heading-missing
A/RES/65/281	annex-invisible
A/RES/65/281	null-heavy-doc
A/RES/657(VII)	null-heavy-doc
A/RES/66/100	annex-invisible
A/RES/66/100	null-heavy-doc
A/RES/66/106	annex-invisible
A/RES/66/106	null-heavy-doc
A/RES/66/107	null-heavy-doc
A/RES/66/138	annex-invisible
A/RES/66/138	null-heavy-doc
A/RES/66/144	bare-section-heading
A/RES/66/155	old-heading-missing
A/RES/66/161	old-heading-missing
A/RES/66/197	annex-invisible
A/RES/66/197	null-heavy-doc
A/RES/66/2	annex-invisible
A/RES/66/2	null-heavy-doc
A/RES/66/238	bare-section-heading
A/RES/66/239	bare-section-heading
A/RES/66/260	old-heading-missing
A/RES/66/288	annex-invisible
A/RES/66/288	null-heavy-doc
A/RES/66/71	annex-invisible
A/RES/66/71	old-heading-missing
A/RES/66/99	annex-invisible
A/RES/66/99	null-heavy-doc
A/RES/662(VII)	null-heavy-doc
A/RES/663(VII)	null-heavy-doc
A/RES/665(VII)	null-heavy-doc
A/RES/67(I)	null-heavy-doc
A/RES/67/1	bare-section-heading
A/RES/67/11B	null-heavy-doc
A/RES/67/155	bare-section-heading
A/RES/67/156	bare-section-heading
A/RES/67/187	annex-invisible
A/RES/67/187	null-heavy-doc
A/RES/67/246	old-heading-missing
A/RES/67/5	annex-invisible
A/RES/67/5	null-heavy-doc
A/RES/67/78	old-heading-missing
A/RES/671(VII)	null-heavy-doc
A/RES/672(VII)	bare-section-heading
A/RES/676(VII)	null-heavy-doc
A/RES/68(I)	null-heavy-doc
A/RES/68/1	annex-invisible
A/RES/68/1	null-heavy-doc
A/RES/68/1	old-heading-missing
A/RES/68/111	annex-invisible
A/RES/68/111	null-heavy-doc
A/RES/68/118	annex-invisible
A/RES/68/118	null-heavy-doc
A/RES/68/158	old-heading-missing
A/RES/68/196	annex-invisible
A/RES/68/196	null-heavy-doc
A/RES/68/196	old-heading-missing
A/RES/68/238	annex-invisible
A/RES/68/247B	bare-section-heading
A/RES/68/255	bare-section-heading
A/RES/68/256	bare-section-heading
A/RES/68/257	bare-section-heading
A/RES/68/261	null-heavy-doc
A/RES/684(VII)	null-heavy-doc
A/RES/69/116	annex-invisible
A/RES/69/116	null-heavy-doc
A/RES/69/137	annex-invisible
A/RES/69/137	null-heavy-doc
A/RES/69/137	old-heading-missing
A/RES/69/15	annex-invisible
A/RES/69/15	null-heavy-doc
A/RES/69/15	old-heading-missing
A/RES/69/16	annex-invisible
A/RES/69/16	null-heavy-doc
A/RES/69/194	annex-invisible
A/RES/69/194	null-heavy-doc
A/RES/69/196	annex-invisible
A/RES/69/196	null-heavy-doc
A/RES/69/244	annex-invisible
A/RES/69/244	null-heavy-doc
A/RES/69/262	bare-section-heading
A/RES/69/283	annex-invisible
A/RES/69/283	null-heavy-doc
A/RES/69/283	old-heading-missing
A/RES/69/313	annex-invisible
A/RES/69/313	null-heavy-doc
A/RES/69/313	old-heading-missing
A/RES/69/315	annex-invisible
A/RES/69/315	null-heavy-doc
A/RES/693(VII)	null-heavy-doc
A/RES/70/112	annex-invisible
A/RES/70/125	old-heading-missing
A/RES/70/144	old-heading-missing
A/RES/70/155	old-heading-missing
A/RES/70/159	old-heading-missing
A/RES/70/174	annex-invisible
A/RES/70/174	null-heavy-doc
A/RES/70/175	annex-invisible
A/RES/70/175	null-heavy-doc
A/RES/70/182	old-heading-missing
A/RES/70/186	annex-invisible
A/RES/70/186	null-heavy-doc
A/RES/70/186	old-heading-missing
A/RES/70/210	annex-invisible
A/RES/70/241	bare-section-heading
A/RES/70/242	bare-section-heading
A/RES/70/243	bare-section-heading
A/RES/70/248C	bare-section-heading
A/RES/70/256	null-heavy-doc
A/RES/70/266	annex-invisible
A/RES/70/266	null-heavy-doc
A/RES/70/266	old-heading-missing
A/RES/70/294	annex-invisible
A/RES/70/294	null-heavy-doc
A/RES/70/294	old-heading-missing
A/RES/70/296	annex-invisible
A/RES/70/296	null-heavy-doc
A/RES/70/302	annex-invisible
A/RES/70/302	null-heavy-doc
A/RES/70/303	annex-invisible
A/RES/70/303	null-heavy-doc
A/RES/70/305	annex-invisible
A/RES/70/57	annex-invisible
A/RES/70/57	null-heavy-doc
A/RES/704(VII)	null-heavy-doc
A/RES/71/1	annex-invisible
A/RES/71/1	old-heading-missing
A/RES/71/192	old-heading-missing
A/RES/71/197	old-heading-missing
A/RES/71/256	annex-invisible
A/RES/71/256	null-heavy-doc
A/RES/71/256	old-heading-missing
A/RES/71/257	bare-section-heading
A/RES/71/266	annex-invisible
A/RES/71/312	annex-invisible
A/RES/71/312	null-heavy-doc
A/RES/71/319	annex-invisible
A/RES/71/319	null-heavy-doc
A/RES/716(VIII)	null-heavy-doc
A/RES/72(I)	null-heavy-doc
A/RES/72/185	old-heading-missing
A/RES/72/262C	old-heading-missing
A/RES/72/288	bare-section-heading
A/RES/72/305	annex-invisible
A/RES/72/305	null-heavy-doc
A/RES/72/305	old-heading-missing
A/RES/72/308	null-heavy-doc
A/RES/73(I)	null-heavy-doc
A/RES/73/124	annex-invisible
A/RES/73/125	old-heading-missing
A/RES/73/161	old-heading-missing
A/RES/73/166	old-heading-missing
A/RES/73/195	annex-invisible
A/RES/73/195	null-heavy-doc
A/RES/73/195	old-heading-missing
A/RES/73/198	annex-invisible
A/RES/73/198	null-heavy-doc
A/RES/73/202	annex-invisible
A/RES/73/202	null-heavy-doc
A/RES/73/203	annex-invisible
A/RES/73/203	null-heavy-doc
A/RES/73/291	annex-invisible
A/RES/73/291	null-heavy-doc
A/RES/73/291	old-heading-missing
A/RES/73/292	annex-invisible
A/RES/73/292	old-heading-missing
A/RES/73/333	annex-invisible
A/RES/73/333	null-heavy-doc
A/RES/73/6	old-heading-missing
A/RES/74/15	old-heading-missing
A/RES/74/4	annex-invisible
A/RES/74/4	null-heavy-doc
A/RES/75/212	annex-invisible
A/RES/75/212	old-heading-missing
A/RES/75/253B	bare-section-heading
A/RES/75/257B	null-heavy-doc
A/RES/75/284	annex-invisible
A/RES/75/284	null-heavy-doc
A/RES/75/284	old-heading-missing
A/RES/75/290A	annex-invisible
A/RES/75/290A	null-heavy-doc
A/RES/75/290A	old-heading-missing
A/RES/75/290B	annex-invisible
A/RES/75/290B	null-heavy-doc
A/RES/75/290B	old-heading-missing
A/RES/75/293	bare-section-heading
A/RES/75/326	annex-invisible
A/RES/75/326	null-heavy-doc
A/RES/76/112	annex-invisible
A/RES/76/112	null-heavy-doc
A/RES/76/113	annex-invisible
A/RES/76/113	null-heavy-doc
A/RES/76/120	old-heading-missing
A/RES/76/181	annex-invisible
A/RES/76/181	null-heavy-doc
A/RES/76/203	annex-invisible
A/RES/76/203	old-heading-missing
A/RES/76/258	annex-invisible
A/RES/76/258	null-heavy-doc
A/RES/76/266	annex-invisible
A/RES/76/266	null-heavy-doc
A/RES/76/294	annex-invisible
A/RES/76/294	null-heavy-doc
A/RES/76/296	annex-invisible
A/RES/76/296	null-heavy-doc
A/RES/76/296	old-heading-missing
A/RES/76/305	old-heading-missing
A/RES/76/7	annex-invisible
A/RES/76/7	null-heavy-doc
A/RES/760(VIII)	null-heavy-doc
A/RES/761(VIII)	null-heavy-doc
A/RES/762(VIII)	null-heavy-doc
A/RES/77/100	annex-invisible
A/RES/77/100	null-heavy-doc
A/RES/77/104	annex-invisible
A/RES/77/104	null-heavy-doc
A/RES/77/289	annex-invisible
A/RES/77/289	null-heavy-doc
A/RES/77/289	old-heading-missing
A/RES/77/5	annex-invisible
A/RES/77/5	null-heavy-doc
A/RES/770(VIII)	null-heavy-doc
A/RES/78/1	annex-invisible
A/RES/78/1	null-heavy-doc
A/RES/78/128	annex-invisible
A/RES/78/128	old-heading-missing
A/RES/78/248	old-heading-missing
A/RES/78/252	old-heading-missing
A/RES/78/298	old-heading-missing
A/RES/78/3	annex-invisible
A/RES/78/3	null-heavy-doc
A/RES/78/3	old-heading-missing
A/RES/78/317	annex-invisible
A/RES/78/317	null-heavy-doc
A/RES/78/318	old-heading-missing
A/RES/78/327	annex-invisible
A/RES/78/4	annex-invisible
A/RES/78/4	null-heavy-doc
A/RES/78/5	annex-invisible
A/RES/78/5	null-heavy-doc
A/RES/781(VIII)	null-heavy-doc
A/RES/788(VIII)	null-heavy-doc
A/RES/79(I)	null-heavy-doc
A/RES/79/1	annex-invisible
A/RES/79/144	bare-section-heading
A/RES/79/144	old-heading-missing
A/RES/79/145	bare-section-heading
A/RES/79/161	bare-section-heading
A/RES/79/161	old-heading-missing
A/RES/79/2	annex-invisible
A/RES/79/2	null-heavy-doc
A/RES/79/233	annex-invisible
A/RES/79/233	null-heavy-doc
A/RES/79/233	old-heading-missing
A/RES/79/243	annex-invisible
A/RES/79/243	null-heavy-doc
A/RES/79/243	old-heading-missing
A/RES/79/257	old-heading-missing
A/RES/79/314	annex-invisible
A/RES/79/314	null-heavy-doc
A/RES/79/323	annex-invisible
A/RES/79/323	null-heavy-doc
A/RES/79/81	annex-invisible
A/RES/80(I)	null-heavy-doc
A/RES/80/109	bare-section-heading
A/RES/80/110	bare-section-heading
A/RES/80/117	annex-invisible
A/RES/80/117	null-heavy-doc
A/RES/80/119	annex-invisible
A/RES/80/119	null-heavy-doc
A/RES/80/162	annex-invisible
A/RES/80/162	null-heavy-doc
A/RES/80/193	bare-section-heading
A/RES/80/226	annex-invisible
A/RES/80/226	null-heavy-doc
A/RES/80/243	bare-section-heading
A/RES/80/258	annex-invisible
A/RES/80/258	null-heavy-doc
A/RES/80/268	annex-invisible
A/RES/80/268	null-heavy-doc
A/RES/80/283	annex-invisible
A/RES/80/3	annex-invisible
A/RES/80/3	null-heavy-doc
A/RES/80/5	annex-invisible
A/RES/80/5	null-heavy-doc
A/RES/80/9	annex-invisible
A/RES/80/9	null-heavy-doc
A/RES/831(IX)	bare-section-heading
A/RES/84(I)	null-heavy-doc
A/RES/865(IX)	null-heavy-doc
A/RES/87(I)	null-heavy-doc
A/RES/88(I)	bare-section-heading
A/RES/88(I)	null-heavy-doc
A/RES/881(IX)	bare-section-heading
A/RES/881(IX)	null-heavy-doc
A/RES/887(IX)	null-heavy-doc
A/RES/890(IX)	null-heavy-doc
A/RES/895(IX)	null-heavy-doc
A/RES/90(I)	null-heavy-doc
A/RES/912(X)	bare-section-heading
A/RES/92(I)	null-heavy-doc
A/RES/93(I)	null-heavy-doc
A/RES/937(X)	null-heavy-doc
A/RES/94(I)	null-heavy-doc
A/RES/949(X)	null-heavy-doc
A/RES/95(I)	null-heavy-doc
A/RES/952(X)	null-heavy-doc
A/RES/955(X)	null-heavy-doc
A/RES/957(X)	null-heavy-doc
A/RES/968(X)	null-heavy-doc
A/RES/97(I)	old-heading-missing
A/RES/970(X)	null-heavy-doc
A/RES/974(X)	null-heavy-doc
A/RES/978(X)	null-heavy-doc
A/RES/979(X)	null-heavy-doc
A/RES/981(X)	null-heavy-doc
A/RES/989(X)	null-heavy-doc
A/RES/ES-10/23	annex-invisible
A/RES/ES-7/7	null-heavy-doc
A/RES/S-10/2	bare-section-heading
A/RES/S-10/2	old-heading-missing
A/RES/S-19/2	annex-invisible
A/RES/S-19/2	null-heavy-doc
A/RES/S-19/2	old-heading-missing
A/RES/S-20/2	annex-invisible
A/RES/S-20/2	null-heavy-doc
A/RES/S-20/3	annex-invisible
A/RES/S-20/3	null-heavy-doc
A/RES/S-20/3	old-heading-missing
A/RES/S-20/4	old-heading-missing
A/RES/S-21/2	annex-invisible
A/RES/S-21/2	null-heavy-doc
A/RES/S-21/2	old-heading-missing
A/RES/S-22/2	annex-invisible
A/RES/S-22/2	null-heavy-doc
A/RES/S-22/2	old-heading-missing
A/RES/S-23/2	annex-invisible
A/RES/S-23/2	null-heavy-doc
A/RES/S-23/3	annex-invisible
A/RES/S-23/3	null-heavy-doc
A/RES/S-24/2	annex-invisible
A/RES/S-24/2	null-heavy-doc
A/RES/S-25/2	annex-invisible
A/RES/S-25/2	null-heavy-doc
A/RES/S-26/2	annex-invisible
A/RES/S-26/2	null-heavy-doc
A/RES/S-26/2	old-heading-missing
A/RES/S-27/2	annex-invisible
A/RES/S-27/2	null-heavy-doc
A/RES/S-30/1	annex-invisible
A/RES/S-30/1	null-heavy-doc
A/RES/S-30/1	old-heading-missing
A/RES/S-32/1	null-heavy-doc
A/RES/S-32/1	old-heading-missing
A/RES/S-8/2	bare-section-heading
A/RES/S-9/2	bare-section-heading
E/DEC/2003/202	null-heavy-doc
E/DEC/2003/207	null-heavy-doc
E/DEC/2003/219	null-heavy-doc
E/DEC/2003/229	null-heavy-doc
E/DEC/2003/233	null-heavy-doc
E/DEC/2003/289	null-heavy-doc
E/DEC/2003/292	null-heavy-doc
E/DEC/2003/299	bare-section-heading
E/DEC/2004/203	null-heavy-doc
E/DEC/2004/215	null-heavy-doc
E/DEC/2004/235	null-heavy-doc
E/DEC/2004/236	null-heavy-doc
E/DEC/2004/237	null-heavy-doc
E/DEC/2004/239	null-heavy-doc
E/DEC/2004/241	null-heavy-doc
E/DEC/2004/242	null-heavy-doc
E/DEC/2004/289	null-heavy-doc
E/DEC/2004/299	null-heavy-doc
E/DEC/2004/300	null-heavy-doc
E/DEC/2005/203	null-heavy-doc
E/DEC/2005/229	null-heavy-doc
E/DEC/2005/244	null-heavy-doc
E/DEC/2005/245	null-heavy-doc
E/DEC/2005/249	null-heavy-doc
E/DEC/2005/299	null-heavy-doc
E/DEC/2006/208	null-heavy-doc
E/DEC/2006/232	null-heavy-doc
E/DEC/2006/233	null-heavy-doc
E/DEC/2006/235	null-heavy-doc
E/DEC/2006/238	null-heavy-doc
E/DEC/2006/239	null-heavy-doc
E/DEC/2006/255	null-heavy-doc
E/DEC/2007/209	null-heavy-doc
E/DEC/2007/236	null-heavy-doc
E/DEC/2007/237	null-heavy-doc
E/DEC/2007/239	null-heavy-doc
E/DEC/2007/251	null-heavy-doc
E/DEC/2007/258	null-heavy-doc
E/DEC/2008/204	null-heavy-doc
E/DEC/2008/236	null-heavy-doc
E/DEC/2008/238	null-heavy-doc
E/DEC/2008/240	null-heavy-doc
E/DEC/2008/244	null-heavy-doc
E/DEC/2008/245	null-heavy-doc
E/DEC/2009/203	null-heavy-doc
E/DEC/2009/232	null-heavy-doc
E/DEC/2009/236	null-heavy-doc
E/DEC/2009/237	null-heavy-doc
E/DEC/2009/239	null-heavy-doc
E/DEC/2009/242	null-heavy-doc
E/DEC/2009/244	null-heavy-doc
E/DEC/2009/246	null-heavy-doc
E/DEC/2010/203	null-heavy-doc
E/DEC/2010/204	null-heavy-doc
E/DEC/2010/214	null-heavy-doc
E/DEC/2010/227	null-heavy-doc
E/DEC/2010/235	null-heavy-doc
E/DEC/2010/237	null-heavy-doc
E/DEC/2010/242	null-heavy-doc
E/DEC/2010/254	null-heavy-doc
E/DEC/2010/260	bare-section-heading
E/DEC/2010/260	null-heavy-doc
E/DEC/2011/203	null-heavy-doc
E/DEC/2011/207	bare-section-heading
E/DEC/2011/207	null-heavy-doc
E/DEC/2011/213	null-heavy-doc
E/DEC/2011/227	null-heavy-doc
E/DEC/2011/229	null-heavy-doc
E/DEC/2011/230	null-heavy-doc
E/DEC/2011/232	null-heavy-doc
E/DEC/2011/240	null-heavy-doc
E/DEC/2011/245	null-heavy-doc
E/DEC/2011/247	null-heavy-doc
E/DEC/2011/255	null-heavy-doc
E/DEC/2011/266	null-heavy-doc
E/DEC/2011/273	null-heavy-doc
E/DEC/2011/277	bare-section-heading
E/DEC/2011/277	null-heavy-doc
E/DEC/2012/202	null-heavy-doc
E/DEC/2012/203	null-heavy-doc
E/DEC/2012/204	null-heavy-doc
E/DEC/2012/207	null-heavy-doc
E/DEC/2012/208	null-heavy-doc
E/DEC/2012/209	null-heavy-doc
E/DEC/2012/210	null-heavy-doc
E/DEC/2012/213	null-heavy-doc
E/DEC/2012/216	null-heavy-doc
E/DEC/2012/223	null-heavy-doc
E/DEC/2012/224	null-heavy-doc
E/DEC/2012/231	null-heavy-doc
E/DEC/2012/232	null-heavy-doc
E/DEC/2012/233	null-heavy-doc
E/DEC/2012/239	null-heavy-doc
E/DEC/2012/244	null-heavy-doc
E/DEC/2012/254	null-heavy-doc
E/DEC/2012/257	null-heavy-doc
E/DEC/2012/258	null-heavy-doc
E/DEC/2012/261	null-heavy-doc
E/DEC/2013/202	null-heavy-doc
E/DEC/2013/203	null-heavy-doc
E/DEC/2013/204	null-heavy-doc
E/DEC/2013/205	null-heavy-doc
E/DEC/2013/208	null-heavy-doc
E/DEC/2013/209	null-heavy-doc
E/DEC/2013/210	null-heavy-doc
E/DEC/2013/211	null-heavy-doc
E/DEC/2013/214	null-heavy-doc
E/DEC/2013/216	null-heavy-doc
E/DEC/2013/222	null-heavy-doc
E/DEC/2013/226	null-heavy-doc
E/DEC/2013/227	null-heavy-doc
E/DEC/2013/231	null-heavy-doc
E/DEC/2013/232	null-heavy-doc
E/DEC/2013/234	null-heavy-doc
E/DEC/2013/236	null-heavy-doc
E/DEC/2013/241	null-heavy-doc
E/DEC/2013/244	null-heavy-doc
E/DEC/2013/251	null-heavy-doc
E/DEC/2013/252	null-heavy-doc
E/DEC/2013/257	null-heavy-doc
E/DEC/2013/258	null-heavy-doc
E/DEC/2013/260	null-heavy-doc
E/DEC/2014/216	null-heavy-doc
E/DEC/2014/217	null-heavy-doc
E/DEC/2014/219	null-heavy-doc
E/DEC/2014/239	null-heavy-doc
E/DEC/2015/212	null-heavy-doc
E/DEC/2015/216	null-heavy-doc
E/DEC/2015/218	null-heavy-doc
E/DEC/2015/219	null-heavy-doc
E/DEC/2015/234	null-heavy-doc
E/DEC/2015/253	null-heavy-doc
E/DEC/2016/220	null-heavy-doc
E/DEC/2016/224	null-heavy-doc
E/DEC/2016/225	null-heavy-doc
E/DEC/2016/256	null-heavy-doc
E/DEC/2017/221	null-heavy-doc
E/DEC/2017/228	null-heavy-doc
E/DEC/2017/229	null-heavy-doc
E/DEC/2017/231	null-heavy-doc
E/DEC/2017/258	null-heavy-doc
E/DEC/2018/219	null-heavy-doc
E/DEC/2018/227	null-heavy-doc
E/DEC/2018/228	null-heavy-doc
E/DEC/2018/232	null-heavy-doc
E/DEC/2018/252	null-heavy-doc
E/DEC/2018/264	annex-invisible
E/DEC/2019/210	null-heavy-doc
E/DEC/2019/212	null-heavy-doc
E/DEC/2019/228	null-heavy-doc
E/DEC/2021/224	null-heavy-doc
E/DEC/2021/226	null-heavy-doc
E/DEC/2021/228	null-heavy-doc
E/DEC/2021/230	null-heavy-doc
E/DEC/2022/324	null-heavy-doc
E/DEC/2022/325	null-heavy-doc
E/DEC/2022/331	null-heavy-doc
E/DEC/2023/316	null-heavy-doc
E/DEC/2023/325	null-heavy-doc
E/DEC/2023/326	null-heavy-doc
E/DEC/2023/344	null-heavy-doc
E/DEC/2024/312	null-heavy-doc
E/DEC/2024/313	null-heavy-doc
E/DEC/2024/327	null-heavy-doc
E/DEC/2024/336	null-heavy-doc
E/DEC/2024/338	null-heavy-doc
E/RES/1991/55	bare-section-heading
E/RES/2012/19	old-heading-missing
E/RES/2013/1	annex-invisible
E/RES/2013/1	null-heavy-doc
E/RES/2013/21	null-heavy-doc
E/RES/2013/3	annex-invisible
E/RES/2013/3	null-heavy-doc
E/RES/2013/42	annex-invisible
E/RES/2013/42	null-heavy-doc
E/RES/2013/42	old-heading-missing
E/RES/2014/18	annex-invisible
E/RES/2014/18	null-heavy-doc
E/RES/2014/20	annex-invisible
E/RES/2014/20	null-heavy-doc
E/RES/2014/32	annex-invisible
E/RES/2014/32	null-heavy-doc
E/RES/2014/35	null-heavy-doc
E/RES/2014/36	annex-invisible
E/RES/2014/36	null-heavy-doc
E/RES/2015/19	annex-invisible
E/RES/2015/19	null-heavy-doc
E/RES/2015/20	annex-invisible
E/RES/2015/20	null-heavy-doc
E/RES/2015/30	annex-invisible
E/RES/2015/30	null-heavy-doc
E/RES/2015/31	annex-invisible
E/RES/2015/31	null-heavy-doc
E/RES/2016/10	null-heavy-doc
E/RES/2016/11	annex-invisible
E/RES/2016/11	null-heavy-doc
E/RES/2016/12	annex-invisible
E/RES/2016/12	null-heavy-doc
E/RES/2017/23	old-heading-missing
E/RES/2017/32	null-heavy-doc
E/RES/2017/4	annex-invisible
E/RES/2017/4	null-heavy-doc
E/RES/2017/4	old-heading-missing
E/RES/2018/14	annex-invisible
E/RES/2018/14	null-heavy-doc
E/RES/2018/23	annex-invisible
E/RES/2018/23	null-heavy-doc
E/RES/2018/25	annex-invisible
E/RES/2018/25	null-heavy-doc
E/RES/2019/30	annex-invisible
E/RES/2019/30	null-heavy-doc
E/RES/2019/31	null-heavy-doc
E/RES/2020/14	old-heading-missing
E/RES/2020/19	old-heading-missing
E/RES/2020/20	null-heavy-doc
E/RES/2021/20	annex-invisible
E/RES/2021/20	null-heavy-doc
E/RES/2021/6	null-heavy-doc
E/RES/2021/6	old-heading-missing
E/RES/2022/11	annex-invisible
E/RES/2022/11	null-heavy-doc
E/RES/2022/17	annex-invisible
E/RES/2022/17	null-heavy-doc
E/RES/2022/2	annex-invisible
E/RES/2022/2	null-heavy-doc
E/RES/2023/10	old-heading-missing
E/RES/2023/11	old-heading-missing
E/RES/2023/13	old-heading-missing
E/RES/2023/17	null-heavy-doc
E/RES/2023/18	null-heavy-doc
E/RES/2023/19	null-heavy-doc
E/RES/2023/20	null-heavy-doc
E/RES/2023/21	null-heavy-doc
E/RES/2023/22	null-heavy-doc
E/RES/2023/28	old-heading-missing
E/RES/2023/3	old-heading-missing
E/RES/2024/15	annex-invisible
E/RES/2025/16	annex-invisible
E/RES/2025/16	null-heavy-doc
E/RES/2025/25	null-heavy-doc
E/RES/2025/26	null-heavy-doc
E/RES/2025/27	null-heavy-doc
E/RES/433(XIV)	null-heavy-doc
E/RES/854(XXXII)	bare-section-heading
E/RES/854(XXXII)	null-heavy-doc
S/PRST/1994/10	null-heavy-doc
S/PRST/1994/11	null-heavy-doc
S/PRST/1994/12	null-heavy-doc
S/PRST/1994/13	null-heavy-doc
S/PRST/1994/14	null-heavy-doc
S/PRST/1994/15	null-heavy-doc
S/PRST/1994/16	null-heavy-doc
S/PRST/1994/17	null-heavy-doc
S/PRST/1994/19	null-heavy-doc
S/PRST/1994/20	null-heavy-doc
S/PRST/1994/21	null-heavy-doc
S/PRST/1994/22	null-heavy-doc
S/PRST/1994/23	null-heavy-doc
S/PRST/1994/26	null-heavy-doc
S/PRST/1994/28	null-heavy-doc
S/PRST/1994/29	null-heavy-doc
S/PRST/1994/30	null-heavy-doc
S/PRST/1994/31	null-heavy-doc
S/PRST/1994/32	null-heavy-doc
S/PRST/1994/33	null-heavy-doc
S/PRST/1994/34	null-heavy-doc
S/PRST/1994/35	null-heavy-doc
S/PRST/1994/36	null-heavy-doc
S/PRST/1994/37	null-heavy-doc
S/PRST/1994/38	null-heavy-doc
S/PRST/1994/39	null-heavy-doc
S/PRST/1994/4	null-heavy-doc
S/PRST/1994/40	null-heavy-doc
S/PRST/1994/42	null-heavy-doc
S/PRST/1994/43	null-heavy-doc
S/PRST/1994/44	null-heavy-doc
S/PRST/1994/45	null-heavy-doc
S/PRST/1994/46	null-heavy-doc
S/PRST/1994/47	null-heavy-doc
S/PRST/1994/48	null-heavy-doc
S/PRST/1994/49	null-heavy-doc
S/PRST/1994/5	null-heavy-doc
S/PRST/1994/50	null-heavy-doc
S/PRST/1994/51	null-heavy-doc
S/PRST/1994/52	null-heavy-doc
S/PRST/1994/53	null-heavy-doc
S/PRST/1994/54	null-heavy-doc
S/PRST/1994/55	null-heavy-doc
S/PRST/1994/56	null-heavy-doc
S/PRST/1994/57	null-heavy-doc
S/PRST/1994/58	null-heavy-doc
S/PRST/1994/59	null-heavy-doc
S/PRST/1994/6	null-heavy-doc
S/PRST/1994/60	null-heavy-doc
S/PRST/1994/61	null-heavy-doc
S/PRST/1994/62	null-heavy-doc
S/PRST/1994/63	null-heavy-doc
S/PRST/1994/64	null-heavy-doc
S/PRST/1994/65	null-heavy-doc
S/PRST/1994/66	null-heavy-doc
S/PRST/1994/67	null-heavy-doc
S/PRST/1994/68	null-heavy-doc
S/PRST/1994/69	null-heavy-doc
S/PRST/1994/7	null-heavy-doc
S/PRST/1994/70	null-heavy-doc
S/PRST/1994/71	null-heavy-doc
S/PRST/1994/73	null-heavy-doc
S/PRST/1994/74	null-heavy-doc
S/PRST/1994/75	null-heavy-doc
S/PRST/1994/77	null-heavy-doc
S/PRST/1994/78	null-heavy-doc
S/PRST/1994/79	null-heavy-doc
S/PRST/1994/8	null-heavy-doc
S/PRST/1994/80	null-heavy-doc
S/PRST/1994/81	null-heavy-doc
S/PRST/1994/82	null-heavy-doc
S/PRST/1994/9	null-heavy-doc
S/PRST/1995/1	null-heavy-doc
S/PRST/1995/10	null-heavy-doc
S/PRST/1995/11	null-heavy-doc
S/PRST/1995/12	null-heavy-doc
S/PRST/1995/13	null-heavy-doc
S/PRST/1995/15	null-heavy-doc
S/PRST/1995/16	null-heavy-doc
S/PRST/1995/17	null-heavy-doc
S/PRST/1995/18	null-heavy-doc
S/PRST/1995/19	null-heavy-doc
S/PRST/1995/2	null-heavy-doc
S/PRST/1995/20	null-heavy-doc
S/PRST/1995/21	null-heavy-doc
S/PRST/1995/22	null-heavy-doc
S/PRST/1995/23	null-heavy-doc
S/PRST/1995/24	null-heavy-doc
S/PRST/1995/25	null-heavy-doc
S/PRST/1995/26	null-heavy-doc
S/PRST/1995/27	null-heavy-doc
S/PRST/1995/28	null-heavy-doc
S/PRST/1995/3	null-heavy-doc
S/PRST/1995/30	null-heavy-doc
S/PRST/1995/31	null-heavy-doc
S/PRST/1995/32	null-heavy-doc
S/PRST/1995/33	null-heavy-doc
S/PRST/1995/34	null-heavy-doc
S/PRST/1995/35	null-heavy-doc
S/PRST/1995/37	null-heavy-doc
S/PRST/1995/38	null-heavy-doc
S/PRST/1995/39	null-heavy-doc
S/PRST/1995/4	null-heavy-doc
S/PRST/1995/40	null-heavy-doc
S/PRST/1995/41	null-heavy-doc
S/PRST/1995/42	null-heavy-doc
S/PRST/1995/43	null-heavy-doc
S/PRST/1995/44	null-heavy-doc
S/PRST/1995/45	null-heavy-doc
S/PRST/1995/46	null-heavy-doc
S/PRST/1995/47	null-heavy-doc
S/PRST/1995/48	null-heavy-doc
S/PRST/1995/49	null-heavy-doc
S/PRST/1995/5	null-heavy-doc
S/PRST/1995/50	null-heavy-doc
S/PRST/1995/51	null-heavy-doc
S/PRST/1995/52	null-heavy-doc
S/PRST/1995/53	null-heavy-doc
S/PRST/1995/54	null-heavy-doc
S/PRST/1995/55	null-heavy-doc
S/PRST/1995/57	null-heavy-doc
S/PRST/1995/58	null-heavy-doc
S/PRST/1995/59	null-heavy-doc
S/PRST/1995/6	null-heavy-doc
S/PRST/1995/60	null-heavy-doc
S/PRST/1995/61	null-heavy-doc
S/PRST/1995/62	null-heavy-doc
S/PRST/1995/63	null-heavy-doc
S/PRST/1995/7	null-heavy-doc
S/PRST/1995/8	null-heavy-doc
S/PRST/1995/9	null-heavy-doc
S/PRST/1996/1	null-heavy-doc
S/PRST/1996/10	null-heavy-doc
S/PRST/1996/11	null-heavy-doc
S/PRST/1996/12	null-heavy-doc
S/PRST/1996/13	null-heavy-doc
S/PRST/1996/14	null-heavy-doc
S/PRST/1996/15	null-heavy-doc
S/PRST/1996/16	null-heavy-doc
S/PRST/1996/17	null-heavy-doc
S/PRST/1996/18	null-heavy-doc
S/PRST/1996/19	null-heavy-doc
S/PRST/1996/2	null-heavy-doc
S/PRST/1996/20	null-heavy-doc
S/PRST/1996/21	null-heavy-doc
S/PRST/1996/22	null-heavy-doc
S/PRST/1996/23	null-heavy-doc
S/PRST/1996/24	null-heavy-doc
S/PRST/1996/25	null-heavy-doc
S/PRST/1996/26	null-heavy-doc
S/PRST/1996/27	null-heavy-doc
S/PRST/1996/28	null-heavy-doc
S/PRST/1996/29	null-heavy-doc
S/PRST/1996/3	null-heavy-doc
S/PRST/1996/30	null-heavy-doc
S/PRST/1996/31	null-heavy-doc
S/PRST/1996/32	null-heavy-doc
S/PRST/1996/33	null-heavy-doc
S/PRST/1996/34	null-heavy-doc
S/PRST/1996/35	null-heavy-doc
S/PRST/1996/36	null-heavy-doc
S/PRST/1996/37	null-heavy-doc
S/PRST/1996/38	null-heavy-doc
S/PRST/1996/39	null-heavy-doc
S/PRST/1996/4	null-heavy-doc
S/PRST/1996/40	null-heavy-doc
S/PRST/1996/41	null-heavy-doc
S/PRST/1996/42	null-heavy-doc
S/PRST/1996/43	null-heavy-doc
S/PRST/1996/44	null-heavy-doc
S/PRST/1996/45	null-heavy-doc
S/PRST/1996/46	null-heavy-doc
S/PRST/1996/47	null-heavy-doc
S/PRST/1996/48	null-heavy-doc
S/PRST/1996/49	null-heavy-doc
S/PRST/1996/5	null-heavy-doc
S/PRST/1996/6	null-heavy-doc
S/PRST/1996/7	null-heavy-doc
S/PRST/1996/8	null-heavy-doc
S/PRST/1996/9	null-heavy-doc
S/PRST/1997/1	null-heavy-doc
S/PRST/1997/10	null-heavy-doc
S/PRST/1997/11	null-heavy-doc
S/PRST/1997/12	null-heavy-doc
S/PRST/1997/13	null-heavy-doc
S/PRST/1997/14	null-heavy-doc
S/PRST/1997/15	null-heavy-doc
S/PRST/1997/16	null-heavy-doc
S/PRST/1997/17	null-heavy-doc
S/PRST/1997/18	null-heavy-doc
S/PRST/1997/19	null-heavy-doc
S/PRST/1997/2	null-heavy-doc
S/PRST/1997/20	null-heavy-doc
S/PRST/1997/21	null-heavy-doc
S/PRST/1997/22	null-heavy-doc
S/PRST/1997/23	null-heavy-doc
S/PRST/1997/24	null-heavy-doc
S/PRST/1997/25	null-heavy-doc
S/PRST/1997/26	null-heavy-doc
S/PRST/1997/27	null-heavy-doc
S/PRST/1997/28	null-heavy-doc
S/PRST/1997/29	null-heavy-doc
S/PRST/1997/3	null-heavy-doc
S/PRST/1997/30	null-heavy-doc
S/PRST/1997/31	null-heavy-doc
S/PRST/1997/32	null-heavy-doc
S/PRST/1997/33	null-heavy-doc
S/PRST/1997/34	null-heavy-doc
S/PRST/1997/35	null-heavy-doc
S/PRST/1997/36	null-heavy-doc
S/PRST/1997/37	null-heavy-doc
S/PRST/1997/38	null-heavy-doc
S/PRST/1997/39	null-heavy-doc
S/PRST/1997/4	null-heavy-doc
S/PRST/1997/40	null-heavy-doc
S/PRST/1997/41	null-heavy-doc
S/PRST/1997/42	null-heavy-doc
S/PRST/1997/43	null-heavy-doc
S/PRST/1997/44	null-heavy-doc
S/PRST/1997/45	null-heavy-doc
S/PRST/1997/46	null-heavy-doc
S/PRST/1997/47	null-heavy-doc
S/PRST/1997/48	null-heavy-doc
S/PRST/1997/49	null-heavy-doc
S/PRST/1997/5	null-heavy-doc
S/PRST/1997/50	null-heavy-doc
S/PRST/1997/51	null-heavy-doc
S/PRST/1997/52	null-heavy-doc
S/PRST/1997/53	null-heavy-doc
S/PRST/1997/54	null-heavy-doc
S/PRST/1997/55	null-heavy-doc
S/PRST/1997/56	null-heavy-doc
S/PRST/1997/57	null-heavy-doc
S/PRST/1997/6	null-heavy-doc
S/PRST/1997/7	null-heavy-doc
S/PRST/1997/8	null-heavy-doc
S/PRST/1997/9	null-heavy-doc
S/PRST/1998/1	null-heavy-doc
S/PRST/1998/10	null-heavy-doc
S/PRST/1998/11	null-heavy-doc
S/PRST/1998/12	null-heavy-doc
S/PRST/1998/13	null-heavy-doc
S/PRST/1998/14	null-heavy-doc
S/PRST/1998/15	null-heavy-doc
S/PRST/1998/16	null-heavy-doc
S/PRST/1998/17	null-heavy-doc
S/PRST/1998/18	null-heavy-doc
S/PRST/1998/19	null-heavy-doc
S/PRST/1998/2	null-heavy-doc
S/PRST/1998/20	null-heavy-doc
S/PRST/1998/21	null-heavy-doc
S/PRST/1998/22	null-heavy-doc
S/PRST/1998/23	null-heavy-doc
S/PRST/1998/24	null-heavy-doc
S/PRST/1998/25	null-heavy-doc
S/PRST/1998/26	null-heavy-doc
S/PRST/1998/27	null-heavy-doc
S/PRST/1998/28	null-heavy-doc
S/PRST/1998/29	null-heavy-doc
S/PRST/1998/3	null-heavy-doc
S/PRST/1998/30	null-heavy-doc
S/PRST/1998/31	null-heavy-doc
S/PRST/1998/32	null-heavy-doc
S/PRST/1998/33	null-heavy-doc
S/PRST/1998/34	null-heavy-doc
S/PRST/1998/35	null-heavy-doc
S/PRST/1998/36	null-heavy-doc
S/PRST/1998/37	null-heavy-doc
S/PRST/1998/38	null-heavy-doc
S/PRST/1998/4	null-heavy-doc
S/PRST/1998/5	null-heavy-doc
S/PRST/1998/6	null-heavy-doc
S/PRST/1998/7	null-heavy-doc
S/PRST/1998/8	null-heavy-doc
S/PRST/1998/9	null-heavy-doc
S/PRST/1999/1	null-heavy-doc
S/PRST/1999/10	null-heavy-doc
S/PRST/1999/11	null-heavy-doc
S/PRST/1999/12	null-heavy-doc
S/PRST/1999/13	null-heavy-doc
S/PRST/1999/14	null-heavy-doc
S/PRST/1999/15	null-heavy-doc
S/PRST/1999/16	null-heavy-doc
S/PRST/1999/17	null-heavy-doc
S/PRST/1999/18	null-heavy-doc
S/PRST/1999/19	null-heavy-doc
S/PRST/1999/2	null-heavy-doc
S/PRST/1999/20	null-heavy-doc
S/PRST/1999/21	null-heavy-doc
S/PRST/1999/22	null-heavy-doc
S/PRST/1999/23	null-heavy-doc
S/PRST/1999/24	null-heavy-doc
S/PRST/1999/25	null-heavy-doc
S/PRST/1999/26	null-heavy-doc
S/PRST/1999/27	null-heavy-doc
S/PRST/1999/28	null-heavy-doc
S/PRST/1999/29	null-heavy-doc
S/PRST/1999/3	null-heavy-doc
S/PRST/1999/30	null-heavy-doc
S/PRST/1999/31	null-heavy-doc
S/PRST/1999/32	null-heavy-doc
S/PRST/1999/33	null-heavy-doc
S/PRST/1999/34	null-heavy-doc
S/PRST/1999/4	null-heavy-doc
S/PRST/1999/5	null-heavy-doc
S/PRST/1999/6	null-heavy-doc
S/PRST/1999/7	null-heavy-doc
S/PRST/1999/8	null-heavy-doc
S/PRST/1999/9	null-heavy-doc
S/PRST/2000/1	null-heavy-doc
S/PRST/2000/10	null-heavy-doc
S/PRST/2000/11	null-heavy-doc
S/PRST/2000/12	null-heavy-doc
S/PRST/2000/13	null-heavy-doc
S/PRST/2000/14	null-heavy-doc
S/PRST/2000/15	null-heavy-doc
S/PRST/2000/16	null-heavy-doc
S/PRST/2000/17	null-heavy-doc
S/PRST/2000/18	null-heavy-doc
S/PRST/2000/19	null-heavy-doc
S/PRST/2000/2	null-heavy-doc
S/PRST/2000/20	null-heavy-doc
S/PRST/2000/21	null-heavy-doc
S/PRST/2000/22	null-heavy-doc
S/PRST/2000/23	null-heavy-doc
S/PRST/2000/24	null-heavy-doc
S/PRST/2000/25	null-heavy-doc
S/PRST/2000/26	null-heavy-doc
S/PRST/2000/27	null-heavy-doc
S/PRST/2000/28	null-heavy-doc
S/PRST/2000/29	null-heavy-doc
S/PRST/2000/3	null-heavy-doc
S/PRST/2000/30	null-heavy-doc
S/PRST/2000/31	null-heavy-doc
S/PRST/2000/32	null-heavy-doc
S/PRST/2000/33	null-heavy-doc
S/PRST/2000/34	null-heavy-doc
S/PRST/2000/35	null-heavy-doc
S/PRST/2000/36	null-heavy-doc
S/PRST/2000/37	null-heavy-doc
S/PRST/2000/38	null-heavy-doc
S/PRST/2000/39	null-heavy-doc
S/PRST/2000/4	null-heavy-doc
S/PRST/2000/40	null-heavy-doc
S/PRST/2000/41	null-heavy-doc
S/PRST/2000/5	null-heavy-doc
S/PRST/2000/6	null-heavy-doc
S/PRST/2000/7	null-heavy-doc
S/PRST/2000/8	null-heavy-doc
S/PRST/2000/9	null-heavy-doc
S/PRST/2001/1	null-heavy-doc
S/PRST/2001/10	null-heavy-doc
S/PRST/2001/11	null-heavy-doc
S/PRST/2001/12	null-heavy-doc
S/PRST/2001/13	null-heavy-doc
S/PRST/2001/14	null-heavy-doc
S/PRST/2001/15	null-heavy-doc
S/PRST/2001/16	null-heavy-doc
S/PRST/2001/17	null-heavy-doc
S/PRST/2001/18	null-heavy-doc
S/PRST/2001/19	null-heavy-doc
S/PRST/2001/2	null-heavy-doc
S/PRST/2001/20	null-heavy-doc
S/PRST/2001/21	null-heavy-doc
S/PRST/2001/22	null-heavy-doc
S/PRST/2001/23	null-heavy-doc
S/PRST/2001/24	null-heavy-doc
S/PRST/2001/25	null-heavy-doc
S/PRST/2001/26	null-heavy-doc
S/PRST/2001/27	null-heavy-doc
S/PRST/2001/28	null-heavy-doc
S/PRST/2001/29	null-heavy-doc
S/PRST/2001/3	null-heavy-doc
S/PRST/2001/30	null-heavy-doc
S/PRST/2001/31	null-heavy-doc
S/PRST/2001/32	null-heavy-doc
S/PRST/2001/33	null-heavy-doc
S/PRST/2001/34	null-heavy-doc
S/PRST/2001/35	null-heavy-doc
S/PRST/2001/36	null-heavy-doc
S/PRST/2001/37	null-heavy-doc
S/PRST/2001/38	null-heavy-doc
S/PRST/2001/39	null-heavy-doc
S/PRST/2001/4	null-heavy-doc
S/PRST/2001/5	null-heavy-doc
S/PRST/2001/6	null-heavy-doc
S/PRST/2001/7	null-heavy-doc
S/PRST/2001/8	null-heavy-doc
S/PRST/2001/9	null-heavy-doc
S/PRST/2002/1	null-heavy-doc
S/PRST/2002/10	null-heavy-doc
S/PRST/2002/11	null-heavy-doc
S/PRST/2002/12	null-heavy-doc
S/PRST/2002/13	null-heavy-doc
S/PRST/2002/14	null-heavy-doc
S/PRST/2002/15	null-heavy-doc
S/PRST/2002/16	null-heavy-doc
S/PRST/2002/17	null-heavy-doc
S/PRST/2002/18	null-heavy-doc
S/PRST/2002/19	null-heavy-doc
S/PRST/2002/2	null-heavy-doc
S/PRST/2002/20	null-heavy-doc
S/PRST/2002/21	null-heavy-doc
S/PRST/2002/22	null-heavy-doc
S/PRST/2002/23	null-heavy-doc
S/PRST/2002/24	null-heavy-doc
S/PRST/2002/25	null-heavy-doc
S/PRST/2002/26	null-heavy-doc
S/PRST/2002/27	null-heavy-doc
S/PRST/2002/28	null-heavy-doc
S/PRST/2002/29	null-heavy-doc
S/PRST/2002/3	null-heavy-doc
S/PRST/2002/30	null-heavy-doc
S/PRST/2002/31	null-heavy-doc
S/PRST/2002/32	null-heavy-doc
S/PRST/2002/33	null-heavy-doc
S/PRST/2002/34	null-heavy-doc
S/PRST/2002/35	null-heavy-doc
S/PRST/2002/36	null-heavy-doc
S/PRST/2002/37	null-heavy-doc
S/PRST/2002/38	null-heavy-doc
S/PRST/2002/39	null-heavy-doc
S/PRST/2002/4	null-heavy-doc
S/PRST/2002/40	null-heavy-doc
S/PRST/2002/41	null-heavy-doc
S/PRST/2002/42	null-heavy-doc
S/PRST/2002/5	null-heavy-doc
S/PRST/2002/6	null-heavy-doc
S/PRST/2002/7	null-heavy-doc
S/PRST/2002/8	null-heavy-doc
S/PRST/2002/9	null-heavy-doc
S/PRST/2003/1	null-heavy-doc
S/PRST/2003/10	null-heavy-doc
S/PRST/2003/11	null-heavy-doc
S/PRST/2003/12	null-heavy-doc
S/PRST/2003/13	null-heavy-doc
S/PRST/2003/14	null-heavy-doc
S/PRST/2003/15	null-heavy-doc
S/PRST/2003/16	null-heavy-doc
S/PRST/2003/17	null-heavy-doc
S/PRST/2003/18	null-heavy-doc
S/PRST/2003/19	null-heavy-doc
S/PRST/2003/2	null-heavy-doc
S/PRST/2003/20	null-heavy-doc
S/PRST/2003/22	null-heavy-doc
S/PRST/2003/23	null-heavy-doc
S/PRST/2003/24	null-heavy-doc
S/PRST/2003/25	null-heavy-doc
S/PRST/2003/26	null-heavy-doc
S/PRST/2003/27	null-heavy-doc
S/PRST/2003/28	null-heavy-doc
S/PRST/2003/29	null-heavy-doc
S/PRST/2003/3	null-heavy-doc
S/PRST/2003/30	null-heavy-doc
S/PRST/2003/4	null-heavy-doc
S/PRST/2003/5	null-heavy-doc
S/PRST/2003/6	null-heavy-doc
S/PRST/2003/7	null-heavy-doc
S/PRST/2003/8	null-heavy-doc
S/PRST/2003/9	null-heavy-doc
S/PRST/2004/1	null-heavy-doc
S/PRST/2004/10	null-heavy-doc
S/PRST/2004/11	null-heavy-doc
S/PRST/2004/12	null-heavy-doc
S/PRST/2004/13	null-heavy-doc
S/PRST/2004/14	null-heavy-doc
S/PRST/2004/15	null-heavy-doc
S/PRST/2004/16	null-heavy-doc
S/PRST/2004/17	null-heavy-doc
S/PRST/2004/18	null-heavy-doc
S/PRST/2004/19	null-heavy-doc
S/PRST/2004/2	null-heavy-doc
S/PRST/2004/20	null-heavy-doc
S/PRST/2004/21	null-heavy-doc
S/PRST/2004/22	null-heavy-doc
S/PRST/2004/23	null-heavy-doc
S/PRST/2004/24	null-heavy-doc
S/PRST/2004/25	null-heavy-doc
S/PRST/2004/26	null-heavy-doc
S/PRST/2004/27	null-heavy-doc
S/PRST/2004/28	null-heavy-doc
S/PRST/2004/29	null-heavy-doc
S/PRST/2004/3	null-heavy-doc
S/PRST/2004/30	null-heavy-doc
S/PRST/2004/31	null-heavy-doc
S/PRST/2004/32	null-heavy-doc
S/PRST/2004/33	null-heavy-doc
S/PRST/2004/34	null-heavy-doc
S/PRST/2004/35	null-heavy-doc
S/PRST/2004/36	null-heavy-doc
S/PRST/2004/37	null-heavy-doc
S/PRST/2004/38	null-heavy-doc
S/PRST/2004/39	null-heavy-doc
S/PRST/2004/4	null-heavy-doc
S/PRST/2004/40	null-heavy-doc
S/PRST/2004/41	null-heavy-doc
S/PRST/2004/42	null-heavy-doc
S/PRST/2004/43	null-heavy-doc
S/PRST/2004/44	null-heavy-doc
S/PRST/2004/45	null-heavy-doc
S/PRST/2004/46	null-heavy-doc
S/PRST/2004/47	null-heavy-doc
S/PRST/2004/48	null-heavy-doc
S/PRST/2004/5	null-heavy-doc
S/PRST/2004/6	null-heavy-doc
S/PRST/2004/7	null-heavy-doc
S/PRST/2004/8	null-heavy-doc
S/PRST/2004/9	null-heavy-doc
S/PRST/2005/1	null-heavy-doc
S/PRST/2005/10	null-heavy-doc
S/PRST/2005/11	null-heavy-doc
S/PRST/2005/12	null-heavy-doc
S/PRST/2005/13	null-heavy-doc
S/PRST/2005/14	null-heavy-doc
S/PRST/2005/15	null-heavy-doc
S/PRST/2005/16	null-heavy-doc
S/PRST/2005/17	null-heavy-doc
S/PRST/2005/18	null-heavy-doc
S/PRST/2005/19	null-heavy-doc
S/PRST/2005/2	null-heavy-doc
S/PRST/2005/20	null-heavy-doc
S/PRST/2005/21	null-heavy-doc
S/PRST/2005/22	null-heavy-doc
S/PRST/2005/23	null-heavy-doc
S/PRST/2005/24	null-heavy-doc
S/PRST/2005/25	null-heavy-doc
S/PRST/2005/26	null-heavy-doc
S/PRST/2005/27	null-heavy-doc
S/PRST/2005/28	null-heavy-doc
S/PRST/2005/29	null-heavy-doc
S/PRST/2005/3	null-heavy-doc
S/PRST/2005/30	null-heavy-doc
S/PRST/2005/31	null-heavy-doc
S/PRST/2005/32	null-heavy-doc
S/PRST/2005/33	null-heavy-doc
S/PRST/2005/34	null-heavy-doc
S/PRST/2005/35	null-heavy-doc
S/PRST/2005/36	null-heavy-doc
S/PRST/2005/37	null-heavy-doc
S/PRST/2005/38	null-heavy-doc
S/PRST/2005/39	null-heavy-doc
S/PRST/2005/4	null-heavy-doc
S/PRST/2005/40	null-heavy-doc
S/PRST/2005/41	null-heavy-doc
S/PRST/2005/42	null-heavy-doc
S/PRST/2005/43	null-heavy-doc
S/PRST/2005/44	null-heavy-doc
S/PRST/2005/45	null-heavy-doc
S/PRST/2005/46	null-heavy-doc
S/PRST/2005/47	null-heavy-doc
S/PRST/2005/48	null-heavy-doc
S/PRST/2005/49	null-heavy-doc
S/PRST/2005/5	null-heavy-doc
S/PRST/2005/50	null-heavy-doc
S/PRST/2005/51	null-heavy-doc
S/PRST/2005/52	null-heavy-doc
S/PRST/2005/53	null-heavy-doc
S/PRST/2005/54	null-heavy-doc
S/PRST/2005/55	null-heavy-doc
S/PRST/2005/56	null-heavy-doc
S/PRST/2005/57	null-heavy-doc
S/PRST/2005/58	null-heavy-doc
S/PRST/2005/59	null-heavy-doc
S/PRST/2005/6	null-heavy-doc
S/PRST/2005/60	null-heavy-doc
S/PRST/2005/61	null-heavy-doc
S/PRST/2005/62	null-heavy-doc
S/PRST/2005/63	null-heavy-doc
S/PRST/2005/64	null-heavy-doc
S/PRST/2005/65	null-heavy-doc
S/PRST/2005/66	null-heavy-doc
S/PRST/2005/67	null-heavy-doc
S/PRST/2005/7	null-heavy-doc
S/PRST/2005/8	null-heavy-doc
S/PRST/2005/9	null-heavy-doc
S/PRST/2006/1	null-heavy-doc
S/PRST/2006/10	null-heavy-doc
S/PRST/2006/11	null-heavy-doc
S/PRST/2006/12	null-heavy-doc
S/PRST/2006/13	null-heavy-doc
S/PRST/2006/14	null-heavy-doc
S/PRST/2006/15	null-heavy-doc
S/PRST/2006/16	null-heavy-doc
S/PRST/2006/17	null-heavy-doc
S/PRST/2006/18	null-heavy-doc
S/PRST/2006/19	null-heavy-doc
S/PRST/2006/2	null-heavy-doc
S/PRST/2006/20	null-heavy-doc
S/PRST/2006/21	null-heavy-doc
S/PRST/2006/22	null-heavy-doc
S/PRST/2006/23	null-heavy-doc
S/PRST/2006/24	null-heavy-doc
S/PRST/2006/25	null-heavy-doc
S/PRST/2006/26	null-heavy-doc
S/PRST/2006/27	null-heavy-doc
S/PRST/2006/28	null-heavy-doc
S/PRST/2006/29	null-heavy-doc
S/PRST/2006/3	null-heavy-doc
S/PRST/2006/30	null-heavy-doc
S/PRST/2006/31	null-heavy-doc
S/PRST/2006/32	null-heavy-doc
S/PRST/2006/33	null-heavy-doc
S/PRST/2006/34	null-heavy-doc
S/PRST/2006/35	null-heavy-doc
S/PRST/2006/36	null-heavy-doc
S/PRST/2006/37	null-heavy-doc
S/PRST/2006/38	null-heavy-doc
S/PRST/2006/39	null-heavy-doc
S/PRST/2006/4	null-heavy-doc
S/PRST/2006/40	null-heavy-doc
S/PRST/2006/41	null-heavy-doc
S/PRST/2006/42	null-heavy-doc
S/PRST/2006/43	null-heavy-doc
S/PRST/2006/44	null-heavy-doc
S/PRST/2006/45	null-heavy-doc
S/PRST/2006/46	null-heavy-doc
S/PRST/2006/47	null-heavy-doc
S/PRST/2006/48	null-heavy-doc
S/PRST/2006/49	null-heavy-doc
S/PRST/2006/5	null-heavy-doc
S/PRST/2006/50	null-heavy-doc
S/PRST/2006/51	null-heavy-doc
S/PRST/2006/52	null-heavy-doc
S/PRST/2006/53	null-heavy-doc
S/PRST/2006/54	null-heavy-doc
S/PRST/2006/55	null-heavy-doc
S/PRST/2006/56	null-heavy-doc
S/PRST/2006/57	null-heavy-doc
S/PRST/2006/58	null-heavy-doc
S/PRST/2006/59	null-heavy-doc
S/PRST/2006/6	null-heavy-doc
S/PRST/2006/7	null-heavy-doc
S/PRST/2006/8	null-heavy-doc
S/PRST/2006/9	null-heavy-doc
S/PRST/2007/1	null-heavy-doc
S/PRST/2007/10	null-heavy-doc
S/PRST/2007/11	null-heavy-doc
S/PRST/2007/12	null-heavy-doc
S/PRST/2007/13	null-heavy-doc
S/PRST/2007/14	null-heavy-doc
S/PRST/2007/15	null-heavy-doc
S/PRST/2007/16	null-heavy-doc
S/PRST/2007/17	null-heavy-doc
S/PRST/2007/18	null-heavy-doc
S/PRST/2007/19	null-heavy-doc
S/PRST/2007/2	null-heavy-doc
S/PRST/2007/20	null-heavy-doc
S/PRST/2007/21	null-heavy-doc
S/PRST/2007/22	null-heavy-doc
S/PRST/2007/23	null-heavy-doc
S/PRST/2007/24	null-heavy-doc
S/PRST/2007/25	null-heavy-doc
S/PRST/2007/26	null-heavy-doc
S/PRST/2007/27	null-heavy-doc
S/PRST/2007/28	null-heavy-doc
S/PRST/2007/29	null-heavy-doc
S/PRST/2007/3	null-heavy-doc
S/PRST/2007/30	null-heavy-doc
S/PRST/2007/31	null-heavy-doc
S/PRST/2007/32	null-heavy-doc
S/PRST/2007/33	null-heavy-doc
S/PRST/2007/34	null-heavy-doc
S/PRST/2007/35	null-heavy-doc
S/PRST/2007/36	null-heavy-doc
S/PRST/2007/37	null-heavy-doc
S/PRST/2007/38	null-heavy-doc
S/PRST/2007/39	null-heavy-doc
S/PRST/2007/4	null-heavy-doc
S/PRST/2007/40	null-heavy-doc
S/PRST/2007/41	null-heavy-doc
S/PRST/2007/42	null-heavy-doc
S/PRST/2007/43	null-heavy-doc
S/PRST/2007/44	null-heavy-doc
S/PRST/2007/45	null-heavy-doc
S/PRST/2007/46	null-heavy-doc
S/PRST/2007/47	null-heavy-doc
S/PRST/2007/48	null-heavy-doc
S/PRST/2007/49	null-heavy-doc
S/PRST/2007/5	null-heavy-doc
S/PRST/2007/50	null-heavy-doc
S/PRST/2007/6	null-heavy-doc
S/PRST/2007/7	null-heavy-doc
S/PRST/2007/8	null-heavy-doc
S/PRST/2007/9	null-heavy-doc
S/PRST/2008/1	null-heavy-doc
S/PRST/2008/10	null-heavy-doc
S/PRST/2008/11	null-heavy-doc
S/PRST/2008/12	null-heavy-doc
S/PRST/2008/13	null-heavy-doc
S/PRST/2008/14	null-heavy-doc
S/PRST/2008/15	null-heavy-doc
S/PRST/2008/16	null-heavy-doc
S/PRST/2008/17	null-heavy-doc
S/PRST/2008/18	null-heavy-doc
S/PRST/2008/19	null-heavy-doc
S/PRST/2008/2	null-heavy-doc
S/PRST/2008/20	null-heavy-doc
S/PRST/2008/21	null-heavy-doc
S/PRST/2008/22	null-heavy-doc
S/PRST/2008/23	null-heavy-doc
S/PRST/2008/24	null-heavy-doc
S/PRST/2008/25	null-heavy-doc
S/PRST/2008/26	null-heavy-doc
S/PRST/2008/27	null-heavy-doc
S/PRST/2008/28	null-heavy-doc
S/PRST/2008/29	null-heavy-doc
S/PRST/2008/3	null-heavy-doc
S/PRST/2008/30	null-heavy-doc
S/PRST/2008/31	null-heavy-doc
S/PRST/2008/32	null-heavy-doc
S/PRST/2008/33	null-heavy-doc
S/PRST/2008/34	null-heavy-doc
S/PRST/2008/35	null-heavy-doc
S/PRST/2008/36	null-heavy-doc
S/PRST/2008/37	null-heavy-doc
S/PRST/2008/38	null-heavy-doc
S/PRST/2008/39	null-heavy-doc
S/PRST/2008/4	null-heavy-doc
S/PRST/2008/40	null-heavy-doc
S/PRST/2008/41	null-heavy-doc
S/PRST/2008/42	null-heavy-doc
S/PRST/2008/43	null-heavy-doc
S/PRST/2008/44	null-heavy-doc
S/PRST/2008/45	null-heavy-doc
S/PRST/2008/46	null-heavy-doc
S/PRST/2008/47	null-heavy-doc
S/PRST/2008/48	null-heavy-doc
S/PRST/2008/5	null-heavy-doc
S/PRST/2008/6	null-heavy-doc
S/PRST/2008/7	null-heavy-doc
S/PRST/2008/8	null-heavy-doc
S/PRST/2008/9	null-heavy-doc
S/PRST/2009/1	annex-invisible
S/PRST/2009/1	null-heavy-doc
S/PRST/2009/10	null-heavy-doc
S/PRST/2009/11	null-heavy-doc
S/PRST/2009/12	null-heavy-doc
S/PRST/2009/13	null-heavy-doc
S/PRST/2009/14	null-heavy-doc
S/PRST/2009/15	null-heavy-doc
S/PRST/2009/16	null-heavy-doc
S/PRST/2009/17	null-heavy-doc
S/PRST/2009/18	null-heavy-doc
S/PRST/2009/19	null-heavy-doc
S/PRST/2009/2	null-heavy-doc
S/PRST/2009/20	null-heavy-doc
S/PRST/2009/21	null-heavy-doc
S/PRST/2009/22	null-heavy-doc
S/PRST/2009/23	null-heavy-doc
S/PRST/2009/24	null-heavy-doc
S/PRST/2009/25	null-heavy-doc
S/PRST/2009/26	null-heavy-doc
S/PRST/2009/27	null-heavy-doc
S/PRST/2009/28	null-heavy-doc
S/PRST/2009/29	null-heavy-doc
S/PRST/2009/3	null-heavy-doc
S/PRST/2009/30	null-heavy-doc
S/PRST/2009/31	null-heavy-doc
S/PRST/2009/32	null-heavy-doc
S/PRST/2009/33	null-heavy-doc
S/PRST/2009/34	null-heavy-doc
S/PRST/2009/35	null-heavy-doc
S/PRST/2009/4	null-heavy-doc
S/PRST/2009/5	null-heavy-doc
S/PRST/2009/6	null-heavy-doc
S/PRST/2009/7	null-heavy-doc
S/PRST/2009/8	null-heavy-doc
S/PRST/2009/9	null-heavy-doc
S/PRST/2010/1	null-heavy-doc
S/PRST/2010/10	null-heavy-doc
S/PRST/2010/11	null-heavy-doc
S/PRST/2010/12	null-heavy-doc
S/PRST/2010/13	null-heavy-doc
S/PRST/2010/14	null-heavy-doc
S/PRST/2010/15	null-heavy-doc
S/PRST/2010/16	null-heavy-doc
S/PRST/2010/17	null-heavy-doc
S/PRST/2010/18	null-heavy-doc
S/PRST/2010/19	null-heavy-doc
S/PRST/2010/2	null-heavy-doc
S/PRST/2010/20	null-heavy-doc
S/PRST/2010/21	null-heavy-doc
S/PRST/2010/22	null-heavy-doc
S/PRST/2010/23	null-heavy-doc
S/PRST/2010/24	null-heavy-doc
S/PRST/2010/25	annex-invisible
S/PRST/2010/25	null-heavy-doc
S/PRST/2010/26	null-heavy-doc
S/PRST/2010/27	null-heavy-doc
S/PRST/2010/28	null-heavy-doc
S/PRST/2010/29	null-heavy-doc
S/PRST/2010/3	null-heavy-doc
S/PRST/2010/30	null-heavy-doc
S/PRST/2010/4	null-heavy-doc
S/PRST/2010/5	null-heavy-doc
S/PRST/2010/6	null-heavy-doc
S/PRST/2010/7	null-heavy-doc
S/PRST/2010/8	null-heavy-doc
S/PRST/2010/9	null-heavy-doc
S/PRST/2011/1	null-heavy-doc
S/PRST/2011/10	null-heavy-doc
S/PRST/2011/11	null-heavy-doc
S/PRST/2011/12	null-heavy-doc
S/PRST/2011/13	null-heavy-doc
S/PRST/2011/14	null-heavy-doc
S/PRST/2011/15	null-heavy-doc
S/PRST/2011/16	null-heavy-doc
S/PRST/2011/17	null-heavy-doc
S/PRST/2011/18	null-heavy-doc
S/PRST/2011/19	null-heavy-doc
S/PRST/2011/2	null-heavy-doc
S/PRST/2011/20	null-heavy-doc
S/PRST/2011/21	null-heavy-doc
S/PRST/2011/22	null-heavy-doc
S/PRST/2011/3	null-heavy-doc
S/PRST/2011/4	null-heavy-doc
S/PRST/2011/5	null-heavy-doc
S/PRST/2011/6	null-heavy-doc
S/PRST/2011/7	null-heavy-doc
S/PRST/2011/8	null-heavy-doc
S/PRST/2011/9	null-heavy-doc
S/PRST/2012/1	null-heavy-doc
S/PRST/2012/10	null-heavy-doc
S/PRST/2012/12	null-heavy-doc
S/PRST/2012/13	null-heavy-doc
S/PRST/2012/14	null-heavy-doc
S/PRST/2012/15	null-heavy-doc
S/PRST/2012/16	null-heavy-doc
S/PRST/2012/17	null-heavy-doc
S/PRST/2012/18	null-heavy-doc
S/PRST/2012/19	null-heavy-doc
S/PRST/2012/2	null-heavy-doc
S/PRST/2012/20	null-heavy-doc
S/PRST/2012/21	null-heavy-doc
S/PRST/2012/22	null-heavy-doc
S/PRST/2012/23	null-heavy-doc
S/PRST/2012/24	null-heavy-doc
S/PRST/2012/25	null-heavy-doc
S/PRST/2012/26	null-heavy-doc
S/PRST/2012/27	null-heavy-doc
S/PRST/2012/28	null-heavy-doc
S/PRST/2012/29	null-heavy-doc
S/PRST/2012/3	null-heavy-doc
S/PRST/2012/4	null-heavy-doc
S/PRST/2012/5	null-heavy-doc
S/PRST/2012/6	null-heavy-doc
S/PRST/2012/7	null-heavy-doc
S/PRST/2012/8	null-heavy-doc
S/PRST/2012/9	null-heavy-doc
S/PRST/2013/1	null-heavy-doc
S/PRST/2013/10	null-heavy-doc
S/PRST/2013/11	null-heavy-doc
S/PRST/2013/12	null-heavy-doc
S/PRST/2013/13	null-heavy-doc
S/PRST/2013/14	null-heavy-doc
S/PRST/2013/15	null-heavy-doc
S/PRST/2013/16	null-heavy-doc
S/PRST/2013/17	null-heavy-doc
S/PRST/2013/18	null-heavy-doc
S/PRST/2013/19	null-heavy-doc
S/PRST/2013/2	null-heavy-doc
S/PRST/2013/20	null-heavy-doc
S/PRST/2013/21	null-heavy-doc
S/PRST/2013/22	null-heavy-doc
S/PRST/2013/3	null-heavy-doc
S/PRST/2013/4	null-heavy-doc
S/PRST/2013/5	null-heavy-doc
S/PRST/2013/6	null-heavy-doc
S/PRST/2013/7	null-heavy-doc
S/PRST/2013/8	null-heavy-doc
S/PRST/2013/9	null-heavy-doc
S/PRST/2014/1	null-heavy-doc
S/PRST/2014/10	null-heavy-doc
S/PRST/2014/11	null-heavy-doc
S/PRST/2014/12	null-heavy-doc
S/PRST/2014/13	null-heavy-doc
S/PRST/2014/14	null-heavy-doc
S/PRST/2014/15	null-heavy-doc
S/PRST/2014/16	null-heavy-doc
S/PRST/2014/17	null-heavy-doc
S/PRST/2014/18	null-heavy-doc
S/PRST/2014/19	null-heavy-doc
S/PRST/2014/2	null-heavy-doc
S/PRST/2014/20	null-heavy-doc
S/PRST/2014/21	null-heavy-doc
S/PRST/2014/22	null-heavy-doc
S/PRST/2014/23	null-heavy-doc
S/PRST/2014/24	null-heavy-doc
S/PRST/2014/25	null-heavy-doc
S/PRST/2014/26	null-heavy-doc
S/PRST/2014/27	null-heavy-doc
S/PRST/2014/28	null-heavy-doc
S/PRST/2014/3	null-heavy-doc
S/PRST/2014/4	null-heavy-doc
S/PRST/2014/5	null-heavy-doc
S/PRST/2014/6	null-heavy-doc
S/PRST/2014/7	null-heavy-doc
S/PRST/2014/8	null-heavy-doc
S/PRST/2014/9	null-heavy-doc
S/PRST/2015/1	null-heavy-doc
S/PRST/2015/10	null-heavy-doc
S/PRST/2015/11	null-heavy-doc
S/PRST/2015/12	null-heavy-doc
S/PRST/2015/13	null-heavy-doc
S/PRST/2015/14	null-heavy-doc
S/PRST/2015/15	null-heavy-doc
S/PRST/2015/16	null-heavy-doc
S/PRST/2015/17	null-heavy-doc
S/PRST/2015/18	null-heavy-doc
S/PRST/2015/19	null-heavy-doc
S/PRST/2015/2	null-heavy-doc
S/PRST/2015/20	null-heavy-doc
S/PRST/2015/21	null-heavy-doc
S/PRST/2015/22	null-heavy-doc
S/PRST/2015/23	null-heavy-doc
S/PRST/2015/24	null-heavy-doc
S/PRST/2015/25	null-heavy-doc
S/PRST/2015/26	null-heavy-doc
S/PRST/2015/3	null-heavy-doc
S/PRST/2015/4	null-heavy-doc
S/PRST/2015/5	null-heavy-doc
S/PRST/2015/6	null-heavy-doc
S/PRST/2015/7	null-heavy-doc
S/PRST/2015/8	null-heavy-doc
S/PRST/2015/9	null-heavy-doc
S/PRST/2016/1	null-heavy-doc
S/PRST/2016/10	null-heavy-doc
S/PRST/2016/11	null-heavy-doc
S/PRST/2016/12	null-heavy-doc
S/PRST/2016/13	null-heavy-doc
S/PRST/2016/14	null-heavy-doc
S/PRST/2016/15	null-heavy-doc
S/PRST/2016/16	null-heavy-doc
S/PRST/2016/17	null-heavy-doc
S/PRST/2016/18	null-heavy-doc
S/PRST/2016/19	null-heavy-doc
S/PRST/2016/2	null-heavy-doc
S/PRST/2016/3	null-heavy-doc
S/PRST/2016/4	null-heavy-doc
S/PRST/2016/5	null-heavy-doc
S/PRST/2016/6	null-heavy-doc
S/PRST/2016/7	null-heavy-doc
S/PRST/2016/8	null-heavy-doc
S/PRST/2016/9	null-heavy-doc
S/PRST/2017/1	null-heavy-doc
S/PRST/2017/10	null-heavy-doc
S/PRST/2017/11	null-heavy-doc
S/PRST/2017/12	null-heavy-doc
S/PRST/2017/13	null-heavy-doc
S/PRST/2017/14	null-heavy-doc
S/PRST/2017/15	null-heavy-doc
S/PRST/2017/16	null-heavy-doc
S/PRST/2017/17	null-heavy-doc
S/PRST/2017/18	null-heavy-doc
S/PRST/2017/19	null-heavy-doc
S/PRST/2017/2	null-heavy-doc
S/PRST/2017/20	null-heavy-doc
S/PRST/2017/21	null-heavy-doc
S/PRST/2017/22	null-heavy-doc
S/PRST/2017/23	null-heavy-doc
S/PRST/2017/24	null-heavy-doc
S/PRST/2017/25	null-heavy-doc
S/PRST/2017/26	null-heavy-doc
S/PRST/2017/27	null-heavy-doc
S/PRST/2017/3	null-heavy-doc
S/PRST/2017/4	null-heavy-doc
S/PRST/2017/5	null-heavy-doc
S/PRST/2017/6	null-heavy-doc
S/PRST/2017/7	null-heavy-doc
S/PRST/2017/8	null-heavy-doc
S/PRST/2017/9	null-heavy-doc
S/PRST/2018/1	null-heavy-doc
S/PRST/2018/10	null-heavy-doc
S/PRST/2018/11	null-heavy-doc
S/PRST/2018/12	null-heavy-doc
S/PRST/2018/13	null-heavy-doc
S/PRST/2018/14	null-heavy-doc
S/PRST/2018/15	null-heavy-doc
S/PRST/2018/16	null-heavy-doc
S/PRST/2018/17	null-heavy-doc
S/PRST/2018/18	null-heavy-doc
S/PRST/2018/19	null-heavy-doc
S/PRST/2018/2	null-heavy-doc
S/PRST/2018/20	null-heavy-doc
S/PRST/2018/21	null-heavy-doc
S/PRST/2018/3	null-heavy-doc
S/PRST/2018/4	null-heavy-doc
S/PRST/2018/5	null-heavy-doc
S/PRST/2018/6	null-heavy-doc
S/PRST/2018/7	null-heavy-doc
S/PRST/2018/8	null-heavy-doc
S/PRST/2018/9	null-heavy-doc
S/PRST/2019/1	null-heavy-doc
S/PRST/2019/10	null-heavy-doc
S/PRST/2019/11	null-heavy-doc
S/PRST/2019/12	null-heavy-doc
S/PRST/2019/13	null-heavy-doc
S/PRST/2019/14	null-heavy-doc
S/PRST/2019/15	null-heavy-doc
S/PRST/2019/2	null-heavy-doc
S/PRST/2019/3	null-heavy-doc
S/PRST/2019/4	null-heavy-doc
S/PRST/2019/5	null-heavy-doc
S/PRST/2019/6	null-heavy-doc
S/PRST/2019/7	null-heavy-doc
S/PRST/2019/8	null-heavy-doc
S/PRST/2019/9	null-heavy-doc
S/PRST/2020/1	null-heavy-doc
S/PRST/2020/10	null-heavy-doc
S/PRST/2020/11	null-heavy-doc
S/PRST/2020/12	null-heavy-doc
S/PRST/2020/13	null-heavy-doc
S/PRST/2020/2	null-heavy-doc
S/PRST/2020/3	null-heavy-doc
S/PRST/2020/4	null-heavy-doc
S/PRST/2020/5	null-heavy-doc
S/PRST/2020/6	null-heavy-doc
S/PRST/2020/7	null-heavy-doc
S/PRST/2020/8	null-heavy-doc
S/PRST/2020/9	null-heavy-doc
S/PRST/2021/1	null-heavy-doc
S/PRST/2021/10	null-heavy-doc
S/PRST/2021/11	null-heavy-doc
S/PRST/2021/12	null-heavy-doc
S/PRST/2021/13	null-heavy-doc
S/PRST/2021/14	null-heavy-doc
S/PRST/2021/15	null-heavy-doc
S/PRST/2021/16	null-heavy-doc
S/PRST/2021/17	null-heavy-doc
S/PRST/2021/18	null-heavy-doc
S/PRST/2021/19	null-heavy-doc
S/PRST/2021/2	null-heavy-doc
S/PRST/2021/20	null-heavy-doc
S/PRST/2021/21	null-heavy-doc
S/PRST/2021/22	null-heavy-doc
S/PRST/2021/23	null-heavy-doc
S/PRST/2021/24	null-heavy-doc
S/PRST/2021/3	null-heavy-doc
S/PRST/2021/4	null-heavy-doc
S/PRST/2021/5	null-heavy-doc
S/PRST/2021/6	null-heavy-doc
S/PRST/2021/7	null-heavy-doc
S/PRST/2021/8	null-heavy-doc
S/PRST/2021/9	null-heavy-doc
S/PRST/2022/1	null-heavy-doc
S/PRST/2022/2	null-heavy-doc
S/PRST/2022/3	null-heavy-doc
S/PRST/2022/4	null-heavy-doc
S/PRST/2022/5	null-heavy-doc
S/PRST/2022/6	null-heavy-doc
S/PRST/2022/7	null-heavy-doc
S/PRST/2023/1	null-heavy-doc
S/PRST/2023/2	null-heavy-doc
S/PRST/2023/3	null-heavy-doc
S/PRST/2023/4	null-heavy-doc
S/PRST/2023/5	null-heavy-doc
S/PRST/2023/6	null-heavy-doc
S/PRST/2024/1	null-heavy-doc
S/PRST/2024/2	null-heavy-doc
S/PRST/2024/3	null-heavy-doc
S/PRST/2024/4	null-heavy-doc
S/PRST/2024/5	null-heavy-doc
S/PRST/2024/6	null-heavy-doc
S/PRST/2024/7	null-heavy-doc
S/PRST/2025/1	null-heavy-doc
S/PRST/2025/2	null-heavy-doc
S/PRST/2025/3	null-heavy-doc
S/PRST/2025/4	null-heavy-doc
S/PRST/2025/5	null-heavy-doc
S/PRST/2025/6	null-heavy-doc
S/PRST/2025/7	null-heavy-doc
S/PRST/2025/8	null-heavy-doc
S/PRST/2026/1	null-heavy-doc
S/PRST/2026/2	null-heavy-doc
S/RES/1011(1995)	bare-section-heading
S/RES/1031(1995)	bare-section-heading
S/RES/107(1955)	null-heavy-doc
S/RES/1072(1996)	bare-section-heading
S/RES/1078(1996)	bare-section-heading
S/RES/1088(1996)	bare-section-heading
S/RES/109(1955)	null-heavy-doc
S/RES/1127(1997)	bare-section-heading
S/RES/1135(1997)	bare-section-heading
S/RES/1159(1998)	bare-section-heading
S/RES/1166(1998)	annex-invisible
S/RES/1166(1998)	null-heavy-doc
S/RES/1173(1998)	bare-section-heading
S/RES/1174(1998)	bare-section-heading
S/RES/1197(1998)	bare-section-heading
S/RES/122(1957)	bare-section-heading
S/RES/123(1957)	null-heavy-doc
S/RES/1237(1999)	bare-section-heading
S/RES/1244(1999)	annex-invisible
S/RES/1244(1999)	old-heading-missing
S/RES/1247(1999)	bare-section-heading
S/RES/1284(1999)	bare-section-heading
S/RES/1295(2000)	bare-section-heading
S/RES/1305(2000)	bare-section-heading
S/RES/1306(2000)	bare-section-heading
S/RES/1318(2000)	bare-section-heading
S/RES/1318(2000)	null-heavy-doc
S/RES/1318(2000)	old-heading-missing
S/RES/132(1959)	null-heavy-doc
S/RES/1327(2000)	bare-section-heading
S/RES/1327(2000)	null-heavy-doc
S/RES/1329(2000)	annex-invisible
S/RES/1329(2000)	null-heavy-doc
S/RES/1343(2001)	bare-section-heading
S/RES/1353(2001)	annex-invisible
S/RES/1355(2001)	bare-section-heading
S/RES/1357(2001)	bare-section-heading
S/RES/1377(2001)	null-heavy-doc
S/RES/1382(2001)	annex-invisible
S/RES/1382(2001)	null-heavy-doc
S/RES/1411(2002)	null-heavy-doc
S/RES/1423(2002)	bare-section-heading
S/RES/1431(2002)	annex-invisible
S/RES/1431(2002)	null-heavy-doc
S/RES/1454(2002)	annex-invisible
S/RES/1454(2002)	null-heavy-doc
S/RES/1481(2003)	annex-invisible
S/RES/1491(2003)	bare-section-heading
S/RES/1512(2003)	annex-invisible
S/RES/1512(2003)	null-heavy-doc
S/RES/1521(2003)	bare-section-heading
S/RES/1551(2004)	bare-section-heading
S/RES/1575(2004)	bare-section-heading
S/RES/1591(2005)	old-heading-missing
S/RES/1617(2005)	annex-invisible
S/RES/162(1961)	null-heavy-doc
S/RES/163(1961)	null-heavy-doc
S/RES/1636(2005)	old-heading-missing
S/RES/1660(2006)	annex-invisible
S/RES/1660(2006)	null-heavy-doc
S/RES/1723(2006)	null-heavy-doc
S/RES/1732(2006)	null-heavy-doc
S/RES/1737(2006)	annex-invisible
S/RES/1739(2007)	null-heavy-doc
S/RES/1747(2007)	annex-invisible
S/RES/1757(2007)	annex-invisible
S/RES/1757(2007)	null-heavy-doc
S/RES/1762(2007)	null-heavy-doc
S/RES/179(1963)	null-heavy-doc
S/RES/1790(2007)	null-heavy-doc
S/RES/1803(2008)	annex-invisible
S/RES/1807(2008)	bare-section-heading
S/RES/1817(2008)	old-heading-missing
S/RES/1822(2008)	annex-invisible
S/RES/19(1947)	null-heavy-doc
S/RES/1904(2009)	annex-invisible
S/RES/1904(2009)	old-heading-missing
S/RES/1929(2010)	annex-invisible
S/RES/193(1964)	null-heavy-doc
S/RES/1966(2010)	annex-invisible
S/RES/1970(2011)	annex-invisible
S/RES/1970(2011)	old-heading-missing
S/RES/1988(2011)	annex-invisible
S/RES/1988(2011)	old-heading-missing
S/RES/1989(2011)	annex-invisible
S/RES/1989(2011)	old-heading-missing
S/RES/201(1965)	null-heavy-doc
S/RES/2014(2011)	old-heading-missing
S/RES/2048(2012)	old-heading-missing
S/RES/205(1965)	null-heavy-doc
S/RES/207(1965)	null-heavy-doc
S/RES/208(1965)	null-heavy-doc
S/RES/2082(2012)	annex-invisible
S/RES/2083(2012)	annex-invisible
S/RES/2094(2013)	annex-invisible
S/RES/21(1947)	null-heavy-doc
S/RES/2118(2013)	annex-invisible
S/RES/2118(2013)	null-heavy-doc
S/RES/215(1965)	null-heavy-doc
S/RES/2160(2014)	annex-invisible
S/RES/2161(2014)	annex-invisible
S/RES/219(1965)	null-heavy-doc
S/RES/2202(2015)	annex-invisible
S/RES/2202(2015)	null-heavy-doc
S/RES/221(1966)	null-heavy-doc
S/RES/2231(2015)	annex-invisible
S/RES/2231(2015)	null-heavy-doc
S/RES/225(1966)	null-heavy-doc
S/RES/2253(2015)	annex-invisible
S/RES/2255(2015)	annex-invisible
S/RES/227(1966)	null-heavy-doc
S/RES/2270(2016)	annex-invisible
S/RES/2321(2016)	annex-invisible
S/RES/233(1967)	null-heavy-doc
S/RES/2356(2017)	annex-invisible
S/RES/2356(2017)	null-heavy-doc
S/RES/2368(2017)	annex-invisible
S/RES/2397(2017)	annex-invisible
S/RES/2418(2018)	null-heavy-doc
S/RES/2486(2019)	null-heavy-doc
S/RES/250(1968)	null-heavy-doc
S/RES/2501(2019)	annex-invisible
S/RES/2501(2019)	null-heavy-doc
S/RES/252(1968)	null-heavy-doc
S/RES/255(1968)	null-heavy-doc
S/RES/2557(2020)	annex-invisible
S/RES/2557(2020)	null-heavy-doc
S/RES/2610(2021)	annex-invisible
S/RES/2611(2021)	annex-invisible
S/RES/2611(2021)	null-heavy-doc
S/RES/262(1968)	null-heavy-doc
S/RES/2662(2022)	annex-invisible
S/RES/2665(2022)	annex-invisible
S/RES/2665(2022)	null-heavy-doc
S/RES/268(1969)	null-heavy-doc
S/RES/2702(2023)	null-heavy-doc
S/RES/2716(2023)	annex-invisible
S/RES/272(1969)	null-heavy-doc
S/RES/2734(2024)	annex-invisible
S/RES/2744(2024)	annex-invisible
S/RES/2744(2024)	null-heavy-doc
S/RES/2763(2024)	annex-invisible
S/RES/2776(2025)	annex-invisible
S/RES/278(1970)	bare-section-heading
S/RES/2803(2025)	annex-invisible
S/RES/2803(2025)	null-heavy-doc
S/RES/281(1970)	null-heavy-doc
S/RES/2816(2026)	annex-invisible
S/RES/285(1970)	null-heavy-doc
S/RES/288(1970)	bare-section-heading
S/RES/294(1971)	null-heavy-doc
S/RES/303(1971)	null-heavy-doc
S/RES/304(1971)	null-heavy-doc
S/RES/306(1971)	null-heavy-doc
S/RES/307(1971)	null-heavy-doc
S/RES/311(1972)	null-heavy-doc
S/RES/312(1972)	null-heavy-doc
S/RES/313(1972)	null-heavy-doc
S/RES/325(1973)	null-heavy-doc
S/RES/330(1973)	null-heavy-doc
S/RES/341(1973)	null-heavy-doc
S/RES/342(1973)	null-heavy-doc
S/RES/348(1974)	null-heavy-doc
S/RES/350(1974)	null-heavy-doc
S/RES/352(1974)	null-heavy-doc
S/RES/360(1974)	null-heavy-doc
S/RES/365(1974)	null-heavy-doc
S/RES/367(1975)	null-heavy-doc
S/RES/37(1947)	null-heavy-doc
S/RES/380(1975)	null-heavy-doc
S/RES/382(1975)	null-heavy-doc
S/RES/384(1975)	null-heavy-doc
S/RES/387(1976)	null-heavy-doc
S/RES/389(1976)	null-heavy-doc
S/RES/39(1948)	null-heavy-doc
S/RES/396(1976)	null-heavy-doc
S/RES/397(1976)	null-heavy-doc
S/RES/399(1976)	null-heavy-doc
S/RES/4(1946)	null-heavy-doc
S/RES/404(1977)	null-heavy-doc
S/RES/426(1978)	null-heavy-doc
S/RES/445(1979)	null-heavy-doc
S/RES/458(1979)	null-heavy-doc
S/RES/462(1980)	null-heavy-doc
S/RES/464(1980)	bare-section-heading
S/RES/471(1980)	null-heavy-doc
S/RES/475(1980)	null-heavy-doc
S/RES/479(1980)	bare-section-heading
S/RES/484(1980)	null-heavy-doc
S/RES/489(1981)	bare-section-heading
S/RES/491(1981)	null-heavy-doc
S/RES/492(1981)	bare-section-heading
S/RES/498(1981)	bare-section-heading
S/RES/501(1982)	null-heavy-doc
S/RES/503(1982)	null-heavy-doc
S/RES/507(1982)	null-heavy-doc
S/RES/51(1948)	null-heavy-doc
S/RES/511(1982)	bare-section-heading
S/RES/516(1982)	null-heavy-doc
S/RES/518(1982)	null-heavy-doc
S/RES/519(1982)	null-heavy-doc
S/RES/526(1982)	bare-section-heading
S/RES/536(1983)	null-heavy-doc
S/RES/546(1984)	bare-section-heading
S/RES/547(1984)	null-heavy-doc
S/RES/552(1984)	null-heavy-doc
S/RES/558(1984)	null-heavy-doc
S/RES/559(1984)	null-heavy-doc
S/RES/561(1985)	null-heavy-doc
S/RES/564(1985)	bare-section-heading
S/RES/579(1985)	null-heavy-doc
S/RES/58(1948)	null-heavy-doc
S/RES/587(1986)	bare-section-heading
S/RES/592(1986)	null-heavy-doc
S/RES/60(1948)	null-heavy-doc
S/RES/606(1987)	null-heavy-doc
S/RES/609(1988)	null-heavy-doc
S/RES/61(1948)	null-heavy-doc
S/RES/621(1988)	null-heavy-doc
S/RES/622(1988)	null-heavy-doc
S/RES/625(1988)	null-heavy-doc
S/RES/634(1989)	null-heavy-doc
S/RES/638(1989)	bare-section-heading
S/RES/66(1948)	null-heavy-doc
S/RES/674(1990)	bare-section-heading
S/RES/678(1990)	bare-section-heading
S/RES/684(1991)	null-heavy-doc
S/RES/689(1991)	null-heavy-doc
S/RES/690(1991)	bare-section-heading
S/RES/696(1991)	null-heavy-doc
S/RES/70(1949)	null-heavy-doc
S/RES/707(1991)	null-heavy-doc
S/RES/71(1949)	null-heavy-doc
S/RES/713(1991)	null-heavy-doc
S/RES/718(1991)	null-heavy-doc
S/RES/719(1991)	bare-section-heading
S/RES/722(1991)	null-heavy-doc
S/RES/730(1992)	null-heavy-doc
S/RES/79(1950)	null-heavy-doc
S/RES/800(1993)	null-heavy-doc
S/RES/801(1993)	null-heavy-doc
S/RES/81(1950)	null-heavy-doc
S/RES/82(1950)	bare-section-heading
S/RES/820(1993)	bare-section-heading
S/RES/848(1993)	null-heavy-doc
S/RES/857(1993)	null-heavy-doc
S/RES/864(1993)	bare-section-heading
S/RES/865(1993)	bare-section-heading
S/RES/883(1993)	bare-section-heading
S/RES/908(1994)	bare-section-heading
S/RES/913(1994)	bare-section-heading
S/RES/915(1994)	bare-section-heading
S/RES/918(1994)	bare-section-heading
S/RES/93(1951)	null-heavy-doc
S/RES/942(1994)	bare-section-heading
S/RES/989(1995)	null-heavy-doc
S/RES/99(1953)	null-heavy-doc
